sample,role,fastq_1
SRR2926068,input,/mnt/ada/projects/spruce/nstreet/spruce_chromatin_dynamics/DAPseq_bartlett/fastq/SRR2926068_1.fastq.gz
SRR2926076,tf,/mnt/ada/projects/spruce/nstreet/spruce_chromatin_dynamics/DAPseq_bartlett/fastq/SRR2926076.fastq.gz
SRR2926077,tf,/mnt/ada/projects/spruce/nstreet/spruce_chromatin_dynamics/DAPseq_bartlett/fastq/SRR2926077.fastq.gz
SRR2926080,tf,/mnt/ada/projects/spruce/nstreet/spruce_chromatin_dynamics/DAPseq_bartlett/fastq/SRR2926080.fastq.gz
SRR2926082,tf,/mnt/ada/projects/spruce/nstreet/spruce_chromatin_dynamics/DAPseq_bartlett/fastq/SRR2926082.fastq.gz
SRR2926084,tf,/mnt/ada/projects/spruce/nstreet/spruce_chromatin_dynamics/DAPseq_bartlett/fastq/SRR2926084.fastq.gz
SRR2926086,tf,/mnt/ada/projects/spruce/nstreet/spruce_chromatin_dynamics/DAPseq_bartlett/fastq/SRR2926086.fastq.gz
SRR2926088,tf,/mnt/ada/projects/spruce/nstreet/spruce_chromatin_dynamics/DAPseq_bartlett/fastq/SRR2926088.fastq.gz
SRR2926090,tf,/mnt/ada/projects/spruce/nstreet/spruce_chromatin_dynamics/DAPseq_bartlett/fastq/SRR2926090.fastq.gz
SRR2926091,tf,/mnt/ada/projects/spruce/nstreet/spruce_chromatin_dynamics/DAPseq_bartlett/fastq/SRR2926091.fastq.gz
SRR2926093,tf,/mnt/ada/projects/spruce/nstreet/spruce_chromatin_dynamics/DAPseq_bartlett/fastq/SRR2926093.fastq.gz
SRR2926095,tf,/mnt/ada/projects/spruce/nstreet/spruce_chromatin_dynamics/DAPseq_bartlett/fastq/SRR2926095.fastq.gz
SRR2926101,tf,/mnt/ada/projects/spruce/nstreet/spruce_chromatin_dynamics/DAPseq_bartlett/fastq/SRR2926101.fastq.gz
SRR2926103,tf,/mnt/ada/projects/spruce/nstreet/spruce_chromatin_dynamics/DAPseq_bartlett/fastq/SRR2926103.fastq.gz
SRR2926106,tf,/mnt/ada/projects/spruce/nstreet/spruce_chromatin_dynamics/DAPseq_bartlett/fastq/SRR2926106.fastq.gz
SRR2926114,tf,/mnt/ada/projects/spruce/nstreet/spruce_chromatin_dynamics/DAPseq_bartlett/fastq/SRR2926114.fastq.gz
SRR2926118,tf,/mnt/ada/projects/spruce/nstreet/spruce_chromatin_dynamics/DAPseq_bartlett/fastq/SRR2926118.fastq.gz
SRR2926120,tf,/mnt/ada/projects/spruce/nstreet/spruce_chromatin_dynamics/DAPseq_bartlett/fastq/SRR2926120.fastq.gz
SRR2926122,tf,/mnt/ada/projects/spruce/nstreet/spruce_chromatin_dynamics/DAPseq_bartlett/fastq/SRR2926122.fastq.gz
SRR2926125,tf,/mnt/ada/projects/spruce/nstreet/spruce_chromatin_dynamics/DAPseq_bartlett/fastq/SRR2926125.fastq.gz
SRR2926127,tf,/mnt/ada/projects/spruce/nstreet/spruce_chromatin_dynamics/DAPseq_bartlett/fastq/SRR2926127.fastq.gz
SRR2926129,tf,/mnt/ada/projects/spruce/nstreet/spruce_chromatin_dynamics/DAPseq_bartlett/fastq/SRR2926129.fastq.gz
SRR2926131,tf,/mnt/ada/projects/spruce/nstreet/spruce_chromatin_dynamics/DAPseq_bartlett/fastq/SRR2926131.fastq.gz
SRR2926133,tf,/mnt/ada/projects/spruce/nstreet/spruce_chromatin_dynamics/DAPseq_bartlett/fastq/SRR2926133.fastq.gz
SRR2926134,tf,/mnt/ada/projects/spruce/nstreet/spruce_chromatin_dynamics/DAPseq_bartlett/fastq/SRR2926134.fastq.gz
SRR2926139,tf,/mnt/ada/projects/spruce/nstreet/spruce_chromatin_dynamics/DAPseq_bartlett/fastq/SRR2926139.fastq.gz
SRR2926140,tf,/mnt/ada/projects/spruce/nstreet/spruce_chromatin_dynamics/DAPseq_bartlett/fastq/SRR2926140.fastq.gz
SRR2926142,tf,/mnt/ada/projects/spruce/nstreet/spruce_chromatin_dynamics/DAPseq_bartlett/fastq/SRR2926142.fastq.gz
SRR2926144,tf,/mnt/ada/projects/spruce/nstreet/spruce_chromatin_dynamics/DAPseq_bartlett/fastq/SRR2926144.fastq.gz
SRR2926146,tf,/mnt/ada/projects/spruce/nstreet/spruce_chromatin_dynamics/DAPseq_bartlett/fastq/SRR2926146.fastq.gz
SRR2926148,tf,/mnt/ada/projects/spruce/nstreet/spruce_chromatin_dynamics/DAPseq_bartlett/fastq/SRR2926148.fastq.gz
SRR2926155,tf,/mnt/ada/projects/spruce/nstreet/spruce_chromatin_dynamics/DAPseq_bartlett/fastq/SRR2926155.fastq.gz
SRR2926160,tf,/mnt/ada/projects/spruce/nstreet/spruce_chromatin_dynamics/DAPseq_bartlett/fastq/SRR2926160.fastq.gz
SRR2926162,tf,/mnt/ada/projects/spruce/nstreet/spruce_chromatin_dynamics/DAPseq_bartlett/fastq/SRR2926162.fastq.gz
SRR2926167,tf,/mnt/ada/projects/spruce/nstreet/spruce_chromatin_dynamics/DAPseq_bartlett/fastq/SRR2926167.fastq.gz
SRR2926169,tf,/mnt/ada/projects/spruce/nstreet/spruce_chromatin_dynamics/DAPseq_bartlett/fastq/SRR2926169.fastq.gz
SRR2926170,tf,/mnt/ada/projects/spruce/nstreet/spruce_chromatin_dynamics/DAPseq_bartlett/fastq/SRR2926170.fastq.gz
SRR2926172,tf,/mnt/ada/projects/spruce/nstreet/spruce_chromatin_dynamics/DAPseq_bartlett/fastq/SRR2926172.fastq.gz
SRR2926175,tf,/mnt/ada/projects/spruce/nstreet/spruce_chromatin_dynamics/DAPseq_bartlett/fastq/SRR2926175.fastq.gz
SRR2926177,tf,/mnt/ada/projects/spruce/nstreet/spruce_chromatin_dynamics/DAPseq_bartlett/fastq/SRR2926177.fastq.gz
SRR2926181,tf,/mnt/ada/projects/spruce/nstreet/spruce_chromatin_dynamics/DAPseq_bartlett/fastq/SRR2926181.fastq.gz
SRR2926185,tf,/mnt/ada/projects/spruce/nstreet/spruce_chromatin_dynamics/DAPseq_bartlett/fastq/SRR2926185.fastq.gz
SRR2926187,tf,/mnt/ada/projects/spruce/nstreet/spruce_chromatin_dynamics/DAPseq_bartlett/fastq/SRR2926187.fastq.gz
SRR2926188,tf,/mnt/ada/projects/spruce/nstreet/spruce_chromatin_dynamics/DAPseq_bartlett/fastq/SRR2926188.fastq.gz
SRR2926191,tf,/mnt/ada/projects/spruce/nstreet/spruce_chromatin_dynamics/DAPseq_bartlett/fastq/SRR2926191.fastq.gz
SRR2926195,tf,/mnt/ada/projects/spruce/nstreet/spruce_chromatin_dynamics/DAPseq_bartlett/fastq/SRR2926195.fastq.gz
SRR2926197,tf,/mnt/ada/projects/spruce/nstreet/spruce_chromatin_dynamics/DAPseq_bartlett/fastq/SRR2926197.fastq.gz
SRR2926198,tf,/mnt/ada/projects/spruce/nstreet/spruce_chromatin_dynamics/DAPseq_bartlett/fastq/SRR2926198.fastq.gz
SRR2926200,tf,/mnt/ada/projects/spruce/nstreet/spruce_chromatin_dynamics/DAPseq_bartlett/fastq/SRR2926200.fastq.gz
SRR2926202,tf,/mnt/ada/projects/spruce/nstreet/spruce_chromatin_dynamics/DAPseq_bartlett/fastq/SRR2926202.fastq.gz
SRR2926204,tf,/mnt/ada/projects/spruce/nstreet/spruce_chromatin_dynamics/DAPseq_bartlett/fastq/SRR2926204.fastq.gz
SRR2926206,tf,/mnt/ada/projects/spruce/nstreet/spruce_chromatin_dynamics/DAPseq_bartlett/fastq/SRR2926206.fastq.gz
SRR2926208,tf,/mnt/ada/projects/spruce/nstreet/spruce_chromatin_dynamics/DAPseq_bartlett/fastq/SRR2926208.fastq.gz
SRR2926211,tf,/mnt/ada/projects/spruce/nstreet/spruce_chromatin_dynamics/DAPseq_bartlett/fastq/SRR2926211.fastq.gz
SRR2926217,tf,/mnt/ada/projects/spruce/nstreet/spruce_chromatin_dynamics/DAPseq_bartlett/fastq/SRR2926217.fastq.gz
SRR2926222,tf,/mnt/ada/projects/spruce/nstreet/spruce_chromatin_dynamics/DAPseq_bartlett/fastq/SRR2926222.fastq.gz
SRR2926225,tf,/mnt/ada/projects/spruce/nstreet/spruce_chromatin_dynamics/DAPseq_bartlett/fastq/SRR2926225.fastq.gz
SRR2926227,tf,/mnt/ada/projects/spruce/nstreet/spruce_chromatin_dynamics/DAPseq_bartlett/fastq/SRR2926227.fastq.gz
SRR2926229,tf,/mnt/ada/projects/spruce/nstreet/spruce_chromatin_dynamics/DAPseq_bartlett/fastq/SRR2926229.fastq.gz
SRR2926230,tf,/mnt/ada/projects/spruce/nstreet/spruce_chromatin_dynamics/DAPseq_bartlett/fastq/SRR2926230.fastq.gz
SRR2926235,tf,/mnt/ada/projects/spruce/nstreet/spruce_chromatin_dynamics/DAPseq_bartlett/fastq/SRR2926235.fastq.gz
SRR2926237,tf,/mnt/ada/projects/spruce/nstreet/spruce_chromatin_dynamics/DAPseq_bartlett/fastq/SRR2926237.fastq.gz
SRR2926239,tf,/mnt/ada/projects/spruce/nstreet/spruce_chromatin_dynamics/DAPseq_bartlett/fastq/SRR2926239.fastq.gz
SRR2926241,tf,/mnt/ada/projects/spruce/nstreet/spruce_chromatin_dynamics/DAPseq_bartlett/fastq/SRR2926241.fastq.gz
SRR2926243,tf,/mnt/ada/projects/spruce/nstreet/spruce_chromatin_dynamics/DAPseq_bartlett/fastq/SRR2926243.fastq.gz
SRR2926245,tf,/mnt/ada/projects/spruce/nstreet/spruce_chromatin_dynamics/DAPseq_bartlett/fastq/SRR2926245.fastq.gz
SRR2926247,tf,/mnt/ada/projects/spruce/nstreet/spruce_chromatin_dynamics/DAPseq_bartlett/fastq/SRR2926247.fastq.gz
SRR2926249,tf,/mnt/ada/projects/spruce/nstreet/spruce_chromatin_dynamics/DAPseq_bartlett/fastq/SRR2926249.fastq.gz
SRR2926253,tf,/mnt/ada/projects/spruce/nstreet/spruce_chromatin_dynamics/DAPseq_bartlett/fastq/SRR2926253.fastq.gz
SRR2926255,tf,/mnt/ada/projects/spruce/nstreet/spruce_chromatin_dynamics/DAPseq_bartlett/fastq/SRR2926255.fastq.gz
SRR2926256,tf,/mnt/ada/projects/spruce/nstreet/spruce_chromatin_dynamics/DAPseq_bartlett/fastq/SRR2926256.fastq.gz
SRR2926258,tf,/mnt/ada/projects/spruce/nstreet/spruce_chromatin_dynamics/DAPseq_bartlett/fastq/SRR2926258.fastq.gz
SRR2926260,tf,/mnt/ada/projects/spruce/nstreet/spruce_chromatin_dynamics/DAPseq_bartlett/fastq/SRR2926260.fastq.gz
SRR2926262,tf,/mnt/ada/projects/spruce/nstreet/spruce_chromatin_dynamics/DAPseq_bartlett/fastq/SRR2926262.fastq.gz
SRR2926263,tf,/mnt/ada/projects/spruce/nstreet/spruce_chromatin_dynamics/DAPseq_bartlett/fastq/SRR2926263.fastq.gz
SRR2926265,tf,/mnt/ada/projects/spruce/nstreet/spruce_chromatin_dynamics/DAPseq_bartlett/fastq/SRR2926265.fastq.gz
SRR2926267,tf,/mnt/ada/projects/spruce/nstreet/spruce_chromatin_dynamics/DAPseq_bartlett/fastq/SRR2926267.fastq.gz
SRR2926269,tf,/mnt/ada/projects/spruce/nstreet/spruce_chromatin_dynamics/DAPseq_bartlett/fastq/SRR2926269.fastq.gz
SRR2926270,tf,/mnt/ada/projects/spruce/nstreet/spruce_chromatin_dynamics/DAPseq_bartlett/fastq/SRR2926270.fastq.gz
SRR2926274,tf,/mnt/ada/projects/spruce/nstreet/spruce_chromatin_dynamics/DAPseq_bartlett/fastq/SRR2926274.fastq.gz
SRR2926276,tf,/mnt/ada/projects/spruce/nstreet/spruce_chromatin_dynamics/DAPseq_bartlett/fastq/SRR2926276.fastq.gz
SRR2926277,tf,/mnt/ada/projects/spruce/nstreet/spruce_chromatin_dynamics/DAPseq_bartlett/fastq/SRR2926277.fastq.gz
SRR2926284,tf,/mnt/ada/projects/spruce/nstreet/spruce_chromatin_dynamics/DAPseq_bartlett/fastq/SRR2926284.fastq.gz
SRR2926287,tf,/mnt/ada/projects/spruce/nstreet/spruce_chromatin_dynamics/DAPseq_bartlett/fastq/SRR2926287.fastq.gz
SRR2926293,tf,/mnt/ada/projects/spruce/nstreet/spruce_chromatin_dynamics/DAPseq_bartlett/fastq/SRR2926293.fastq.gz
SRR2926296,tf,/mnt/ada/projects/spruce/nstreet/spruce_chromatin_dynamics/DAPseq_bartlett/fastq/SRR2926296.fastq.gz
SRR2926297,tf,/mnt/ada/projects/spruce/nstreet/spruce_chromatin_dynamics/DAPseq_bartlett/fastq/SRR2926297.fastq.gz
SRR2926303,tf,/mnt/ada/projects/spruce/nstreet/spruce_chromatin_dynamics/DAPseq_bartlett/fastq/SRR2926303.fastq.gz
SRR2926304,tf,/mnt/ada/projects/spruce/nstreet/spruce_chromatin_dynamics/DAPseq_bartlett/fastq/SRR2926304.fastq.gz
SRR2926311,tf,/mnt/ada/projects/spruce/nstreet/spruce_chromatin_dynamics/DAPseq_bartlett/fastq/SRR2926311.fastq.gz
SRR2926313,tf,/mnt/ada/projects/spruce/nstreet/spruce_chromatin_dynamics/DAPseq_bartlett/fastq/SRR2926313.fastq.gz
SRR2926315,tf,/mnt/ada/projects/spruce/nstreet/spruce_chromatin_dynamics/DAPseq_bartlett/fastq/SRR2926315.fastq.gz
SRR2926321,tf,/mnt/ada/projects/spruce/nstreet/spruce_chromatin_dynamics/DAPseq_bartlett/fastq/SRR2926321.fastq.gz
SRR2926327,tf,/mnt/ada/projects/spruce/nstreet/spruce_chromatin_dynamics/DAPseq_bartlett/fastq/SRR2926327.fastq.gz
SRR2926330,tf,/mnt/ada/projects/spruce/nstreet/spruce_chromatin_dynamics/DAPseq_bartlett/fastq/SRR2926330.fastq.gz
SRR2926333,tf,/mnt/ada/projects/spruce/nstreet/spruce_chromatin_dynamics/DAPseq_bartlett/fastq/SRR2926333.fastq.gz
SRR2926338,tf,/mnt/ada/projects/spruce/nstreet/spruce_chromatin_dynamics/DAPseq_bartlett/fastq/SRR2926338.fastq.gz
SRR2926339,tf,/mnt/ada/projects/spruce/nstreet/spruce_chromatin_dynamics/DAPseq_bartlett/fastq/SRR2926339.fastq.gz
SRR2926343,tf,/mnt/ada/projects/spruce/nstreet/spruce_chromatin_dynamics/DAPseq_bartlett/fastq/SRR2926343.fastq.gz
SRR2926346,tf,/mnt/ada/projects/spruce/nstreet/spruce_chromatin_dynamics/DAPseq_bartlett/fastq/SRR2926346.fastq.gz
SRR2926352,tf,/mnt/ada/projects/spruce/nstreet/spruce_chromatin_dynamics/DAPseq_bartlett/fastq/SRR2926352.fastq.gz
SRR2926354,tf,/mnt/ada/projects/spruce/nstreet/spruce_chromatin_dynamics/DAPseq_bartlett/fastq/SRR2926354.fastq.gz
SRR2926358,tf,/mnt/ada/projects/spruce/nstreet/spruce_chromatin_dynamics/DAPseq_bartlett/fastq/SRR2926358.fastq.gz
SRR2926360,tf,/mnt/ada/projects/spruce/nstreet/spruce_chromatin_dynamics/DAPseq_bartlett/fastq/SRR2926360.fastq.gz
SRR2926363,tf,/mnt/ada/projects/spruce/nstreet/spruce_chromatin_dynamics/DAPseq_bartlett/fastq/SRR2926363.fastq.gz
SRR2926368,tf,/mnt/ada/projects/spruce/nstreet/spruce_chromatin_dynamics/DAPseq_bartlett/fastq/SRR2926368.fastq.gz
SRR2926370,tf,/mnt/ada/projects/spruce/nstreet/spruce_chromatin_dynamics/DAPseq_bartlett/fastq/SRR2926370.fastq.gz
SRR2926372,tf,/mnt/ada/projects/spruce/nstreet/spruce_chromatin_dynamics/DAPseq_bartlett/fastq/SRR2926372.fastq.gz
SRR2926378,tf,/mnt/ada/projects/spruce/nstreet/spruce_chromatin_dynamics/DAPseq_bartlett/fastq/SRR2926378.fastq.gz
SRR2926380,tf,/mnt/ada/projects/spruce/nstreet/spruce_chromatin_dynamics/DAPseq_bartlett/fastq/SRR2926380.fastq.gz
SRR2926385,tf,/mnt/ada/projects/spruce/nstreet/spruce_chromatin_dynamics/DAPseq_bartlett/fastq/SRR2926385.fastq.gz
SRR2926386,tf,/mnt/ada/projects/spruce/nstreet/spruce_chromatin_dynamics/DAPseq_bartlett/fastq/SRR2926386.fastq.gz
SRR2926389,tf,/mnt/ada/projects/spruce/nstreet/spruce_chromatin_dynamics/DAPseq_bartlett/fastq/SRR2926389.fastq.gz
SRR2926393,tf,/mnt/ada/projects/spruce/nstreet/spruce_chromatin_dynamics/DAPseq_bartlett/fastq/SRR2926393.fastq.gz
SRR2926395,tf,/mnt/ada/projects/spruce/nstreet/spruce_chromatin_dynamics/DAPseq_bartlett/fastq/SRR2926395.fastq.gz
SRR2926396,tf,/mnt/ada/projects/spruce/nstreet/spruce_chromatin_dynamics/DAPseq_bartlett/fastq/SRR2926396.fastq.gz
SRR2926398,tf,/mnt/ada/projects/spruce/nstreet/spruce_chromatin_dynamics/DAPseq_bartlett/fastq/SRR2926398.fastq.gz
SRR2926400,tf,/mnt/ada/projects/spruce/nstreet/spruce_chromatin_dynamics/DAPseq_bartlett/fastq/SRR2926400.fastq.gz
SRR2926402,tf,/mnt/ada/projects/spruce/nstreet/spruce_chromatin_dynamics/DAPseq_bartlett/fastq/SRR2926402.fastq.gz
SRR2926404,tf,/mnt/ada/projects/spruce/nstreet/spruce_chromatin_dynamics/DAPseq_bartlett/fastq/SRR2926404.fastq.gz
SRR2926407,tf,/mnt/ada/projects/spruce/nstreet/spruce_chromatin_dynamics/DAPseq_bartlett/fastq/SRR2926407.fastq.gz
SRR2926408,tf,/mnt/ada/projects/spruce/nstreet/spruce_chromatin_dynamics/DAPseq_bartlett/fastq/SRR2926408.fastq.gz
SRR2926412,tf,/mnt/ada/projects/spruce/nstreet/spruce_chromatin_dynamics/DAPseq_bartlett/fastq/SRR2926412.fastq.gz
SRR2926414,tf,/mnt/ada/projects/spruce/nstreet/spruce_chromatin_dynamics/DAPseq_bartlett/fastq/SRR2926414.fastq.gz
SRR2926415,tf,/mnt/ada/projects/spruce/nstreet/spruce_chromatin_dynamics/DAPseq_bartlett/fastq/SRR2926415.fastq.gz
SRR2926417,tf,/mnt/ada/projects/spruce/nstreet/spruce_chromatin_dynamics/DAPseq_bartlett/fastq/SRR2926417.fastq.gz
SRR2926427,tf,/mnt/ada/projects/spruce/nstreet/spruce_chromatin_dynamics/DAPseq_bartlett/fastq/SRR2926427.fastq.gz
SRR2926429,tf,/mnt/ada/projects/spruce/nstreet/spruce_chromatin_dynamics/DAPseq_bartlett/fastq/SRR2926429.fastq.gz
SRR2926431,tf,/mnt/ada/projects/spruce/nstreet/spruce_chromatin_dynamics/DAPseq_bartlett/fastq/SRR2926431.fastq.gz
SRR2926435,tf,/mnt/ada/projects/spruce/nstreet/spruce_chromatin_dynamics/DAPseq_bartlett/fastq/SRR2926435.fastq.gz
SRR2926436,tf,/mnt/ada/projects/spruce/nstreet/spruce_chromatin_dynamics/DAPseq_bartlett/fastq/SRR2926436.fastq.gz
SRR2926439,tf,/mnt/ada/projects/spruce/nstreet/spruce_chromatin_dynamics/DAPseq_bartlett/fastq/SRR2926439.fastq.gz
SRR2926444,tf,/mnt/ada/projects/spruce/nstreet/spruce_chromatin_dynamics/DAPseq_bartlett/fastq/SRR2926444.fastq.gz
SRR2926451,tf,/mnt/ada/projects/spruce/nstreet/spruce_chromatin_dynamics/DAPseq_bartlett/fastq/SRR2926451.fastq.gz
SRR2926455,tf,/mnt/ada/projects/spruce/nstreet/spruce_chromatin_dynamics/DAPseq_bartlett/fastq/SRR2926455.fastq.gz
SRR2926457,tf,/mnt/ada/projects/spruce/nstreet/spruce_chromatin_dynamics/DAPseq_bartlett/fastq/SRR2926457.fastq.gz
SRR2926459,tf,/mnt/ada/projects/spruce/nstreet/spruce_chromatin_dynamics/DAPseq_bartlett/fastq/SRR2926459.fastq.gz
SRR2926461,tf,/mnt/ada/projects/spruce/nstreet/spruce_chromatin_dynamics/DAPseq_bartlett/fastq/SRR2926461.fastq.gz
SRR2926462,tf,/mnt/ada/projects/spruce/nstreet/spruce_chromatin_dynamics/DAPseq_bartlett/fastq/SRR2926462.fastq.gz
SRR2926465,tf,/mnt/ada/projects/spruce/nstreet/spruce_chromatin_dynamics/DAPseq_bartlett/fastq/SRR2926465.fastq.gz
SRR2926473,tf,/mnt/ada/projects/spruce/nstreet/spruce_chromatin_dynamics/DAPseq_bartlett/fastq/SRR2926473.fastq.gz
SRR2926478,tf,/mnt/ada/projects/spruce/nstreet/spruce_chromatin_dynamics/DAPseq_bartlett/fastq/SRR2926478.fastq.gz
SRR2926480,tf,/mnt/ada/projects/spruce/nstreet/spruce_chromatin_dynamics/DAPseq_bartlett/fastq/SRR2926480.fastq.gz
SRR2926482,tf,/mnt/ada/projects/spruce/nstreet/spruce_chromatin_dynamics/DAPseq_bartlett/fastq/SRR2926482.fastq.gz
SRR2926487,tf,/mnt/ada/projects/spruce/nstreet/spruce_chromatin_dynamics/DAPseq_bartlett/fastq/SRR2926487.fastq.gz
SRR2926491,tf,/mnt/ada/projects/spruce/nstreet/spruce_chromatin_dynamics/DAPseq_bartlett/fastq/SRR2926491.fastq.gz
SRR2926498,tf,/mnt/ada/projects/spruce/nstreet/spruce_chromatin_dynamics/DAPseq_bartlett/fastq/SRR2926498.fastq.gz
SRR2926499,tf,/mnt/ada/projects/spruce/nstreet/spruce_chromatin_dynamics/DAPseq_bartlett/fastq/SRR2926499.fastq.gz
SRR2926501,tf,/mnt/ada/projects/spruce/nstreet/spruce_chromatin_dynamics/DAPseq_bartlett/fastq/SRR2926501.fastq.gz
SRR2926505,tf,/mnt/ada/projects/spruce/nstreet/spruce_chromatin_dynamics/DAPseq_bartlett/fastq/SRR2926505.fastq.gz
SRR2926508,tf,/mnt/ada/projects/spruce/nstreet/spruce_chromatin_dynamics/DAPseq_bartlett/fastq/SRR2926508.fastq.gz
SRR2926512,tf,/mnt/ada/projects/spruce/nstreet/spruce_chromatin_dynamics/DAPseq_bartlett/fastq/SRR2926512.fastq.gz
SRR2926513,tf,/mnt/ada/projects/spruce/nstreet/spruce_chromatin_dynamics/DAPseq_bartlett/fastq/SRR2926513.fastq.gz
SRR2926514,tf,/mnt/ada/projects/spruce/nstreet/spruce_chromatin_dynamics/DAPseq_bartlett/fastq/SRR2926514.fastq.gz
SRR2926521,tf,/mnt/ada/projects/spruce/nstreet/spruce_chromatin_dynamics/DAPseq_bartlett/fastq/SRR2926521.fastq.gz
SRR2926526,tf,/mnt/ada/projects/spruce/nstreet/spruce_chromatin_dynamics/DAPseq_bartlett/fastq/SRR2926526.fastq.gz
SRR2926528,tf,/mnt/ada/projects/spruce/nstreet/spruce_chromatin_dynamics/DAPseq_bartlett/fastq/SRR2926528.fastq.gz
SRR2926530,tf,/mnt/ada/projects/spruce/nstreet/spruce_chromatin_dynamics/DAPseq_bartlett/fastq/SRR2926530.fastq.gz
SRR2926532,tf,/mnt/ada/projects/spruce/nstreet/spruce_chromatin_dynamics/DAPseq_bartlett/fastq/SRR2926532.fastq.gz
SRR2926535,tf,/mnt/ada/projects/spruce/nstreet/spruce_chromatin_dynamics/DAPseq_bartlett/fastq/SRR2926535.fastq.gz
SRR2926536,tf,/mnt/ada/projects/spruce/nstreet/spruce_chromatin_dynamics/DAPseq_bartlett/fastq/SRR2926536.fastq.gz
SRR2926538,tf,/mnt/ada/projects/spruce/nstreet/spruce_chromatin_dynamics/DAPseq_bartlett/fastq/SRR2926538.fastq.gz
SRR2926539,tf,/mnt/ada/projects/spruce/nstreet/spruce_chromatin_dynamics/DAPseq_bartlett/fastq/SRR2926539.fastq.gz
SRR2926540,tf,/mnt/ada/projects/spruce/nstreet/spruce_chromatin_dynamics/DAPseq_bartlett/fastq/SRR2926540.fastq.gz
SRR2926543,tf,/mnt/ada/projects/spruce/nstreet/spruce_chromatin_dynamics/DAPseq_bartlett/fastq/SRR2926543.fastq.gz
SRR2926545,tf,/mnt/ada/projects/spruce/nstreet/spruce_chromatin_dynamics/DAPseq_bartlett/fastq/SRR2926545.fastq.gz
SRR2926549,tf,/mnt/ada/projects/spruce/nstreet/spruce_chromatin_dynamics/DAPseq_bartlett/fastq/SRR2926549.fastq.gz
SRR2926553,tf,/mnt/ada/projects/spruce/nstreet/spruce_chromatin_dynamics/DAPseq_bartlett/fastq/SRR2926553.fastq.gz
SRR2926556,tf,/mnt/ada/projects/spruce/nstreet/spruce_chromatin_dynamics/DAPseq_bartlett/fastq/SRR2926556.fastq.gz
SRR2926557,tf,/mnt/ada/projects/spruce/nstreet/spruce_chromatin_dynamics/DAPseq_bartlett/fastq/SRR2926557.fastq.gz
SRR2926562,tf,/mnt/ada/projects/spruce/nstreet/spruce_chromatin_dynamics/DAPseq_bartlett/fastq/SRR2926562.fastq.gz
SRR2926563,tf,/mnt/ada/projects/spruce/nstreet/spruce_chromatin_dynamics/DAPseq_bartlett/fastq/SRR2926563.fastq.gz
SRR2926569,tf,/mnt/ada/projects/spruce/nstreet/spruce_chromatin_dynamics/DAPseq_bartlett/fastq/SRR2926569.fastq.gz
SRR2926571,tf,/mnt/ada/projects/spruce/nstreet/spruce_chromatin_dynamics/DAPseq_bartlett/fastq/SRR2926571.fastq.gz
SRR2926573,tf,/mnt/ada/projects/spruce/nstreet/spruce_chromatin_dynamics/DAPseq_bartlett/fastq/SRR2926573.fastq.gz
SRR2926575,tf,/mnt/ada/projects/spruce/nstreet/spruce_chromatin_dynamics/DAPseq_bartlett/fastq/SRR2926575.fastq.gz
SRR2926576,tf,/mnt/ada/projects/spruce/nstreet/spruce_chromatin_dynamics/DAPseq_bartlett/fastq/SRR2926576.fastq.gz
SRR2926580,tf,/mnt/ada/projects/spruce/nstreet/spruce_chromatin_dynamics/DAPseq_bartlett/fastq/SRR2926580.fastq.gz
SRR2926582,tf,/mnt/ada/projects/spruce/nstreet/spruce_chromatin_dynamics/DAPseq_bartlett/fastq/SRR2926582.fastq.gz
SRR2926584,tf,/mnt/ada/projects/spruce/nstreet/spruce_chromatin_dynamics/DAPseq_bartlett/fastq/SRR2926584.fastq.gz
SRR2926585,tf,/mnt/ada/projects/spruce/nstreet/spruce_chromatin_dynamics/DAPseq_bartlett/fastq/SRR2926585.fastq.gz
SRR2926591,tf,/mnt/ada/projects/spruce/nstreet/spruce_chromatin_dynamics/DAPseq_bartlett/fastq/SRR2926591.fastq.gz
SRR2926597,tf,/mnt/ada/projects/spruce/nstreet/spruce_chromatin_dynamics/DAPseq_bartlett/fastq/SRR2926597.fastq.gz
SRR2926599,tf,/mnt/ada/projects/spruce/nstreet/spruce_chromatin_dynamics/DAPseq_bartlett/fastq/SRR2926599.fastq.gz
SRR2926601,tf,/mnt/ada/projects/spruce/nstreet/spruce_chromatin_dynamics/DAPseq_bartlett/fastq/SRR2926601.fastq.gz
SRR2926603,tf,/mnt/ada/projects/spruce/nstreet/spruce_chromatin_dynamics/DAPseq_bartlett/fastq/SRR2926603.fastq.gz
SRR2926605,tf,/mnt/ada/projects/spruce/nstreet/spruce_chromatin_dynamics/DAPseq_bartlett/fastq/SRR2926605.fastq.gz
SRR2926606,tf,/mnt/ada/projects/spruce/nstreet/spruce_chromatin_dynamics/DAPseq_bartlett/fastq/SRR2926606.fastq.gz
SRR2926609,tf,/mnt/ada/projects/spruce/nstreet/spruce_chromatin_dynamics/DAPseq_bartlett/fastq/SRR2926609.fastq.gz
SRR2926611,tf,/mnt/ada/projects/spruce/nstreet/spruce_chromatin_dynamics/DAPseq_bartlett/fastq/SRR2926611.fastq.gz
SRR2926613,tf,/mnt/ada/projects/spruce/nstreet/spruce_chromatin_dynamics/DAPseq_bartlett/fastq/SRR2926613.fastq.gz
SRR2926614,tf,/mnt/ada/projects/spruce/nstreet/spruce_chromatin_dynamics/DAPseq_bartlett/fastq/SRR2926614.fastq.gz
SRR2926616,tf,/mnt/ada/projects/spruce/nstreet/spruce_chromatin_dynamics/DAPseq_bartlett/fastq/SRR2926616.fastq.gz
SRR2926617,tf,/mnt/ada/projects/spruce/nstreet/spruce_chromatin_dynamics/DAPseq_bartlett/fastq/SRR2926617.fastq.gz
SRR2926619,tf,/mnt/ada/projects/spruce/nstreet/spruce_chromatin_dynamics/DAPseq_bartlett/fastq/SRR2926619.fastq.gz
SRR2926623,tf,/mnt/ada/projects/spruce/nstreet/spruce_chromatin_dynamics/DAPseq_bartlett/fastq/SRR2926623.fastq.gz
SRR2926626,tf,/mnt/ada/projects/spruce/nstreet/spruce_chromatin_dynamics/DAPseq_bartlett/fastq/SRR2926626.fastq.gz
SRR2926628,tf,/mnt/ada/projects/spruce/nstreet/spruce_chromatin_dynamics/DAPseq_bartlett/fastq/SRR2926628.fastq.gz
SRR2926632,tf,/mnt/ada/projects/spruce/nstreet/spruce_chromatin_dynamics/DAPseq_bartlett/fastq/SRR2926632.fastq.gz
SRR2926633,tf,/mnt/ada/projects/spruce/nstreet/spruce_chromatin_dynamics/DAPseq_bartlett/fastq/SRR2926633.fastq.gz
SRR2926636,tf,/mnt/ada/projects/spruce/nstreet/spruce_chromatin_dynamics/DAPseq_bartlett/fastq/SRR2926636.fastq.gz
SRR2926638,tf,/mnt/ada/projects/spruce/nstreet/spruce_chromatin_dynamics/DAPseq_bartlett/fastq/SRR2926638.fastq.gz
SRR2926640,tf,/mnt/ada/projects/spruce/nstreet/spruce_chromatin_dynamics/DAPseq_bartlett/fastq/SRR2926640.fastq.gz
SRR2926641,tf,/mnt/ada/projects/spruce/nstreet/spruce_chromatin_dynamics/DAPseq_bartlett/fastq/SRR2926641.fastq.gz
SRR2926644,tf,/mnt/ada/projects/spruce/nstreet/spruce_chromatin_dynamics/DAPseq_bartlett/fastq/SRR2926644.fastq.gz
SRR2926645,tf,/mnt/ada/projects/spruce/nstreet/spruce_chromatin_dynamics/DAPseq_bartlett/fastq/SRR2926645.fastq.gz
SRR2926648,tf,/mnt/ada/projects/spruce/nstreet/spruce_chromatin_dynamics/DAPseq_bartlett/fastq/SRR2926648.fastq.gz
SRR2926650,tf,/mnt/ada/projects/spruce/nstreet/spruce_chromatin_dynamics/DAPseq_bartlett/fastq/SRR2926650.fastq.gz
SRR2926653,tf,/mnt/ada/projects/spruce/nstreet/spruce_chromatin_dynamics/DAPseq_bartlett/fastq/SRR2926653.fastq.gz
SRR2926655,tf,/mnt/ada/projects/spruce/nstreet/spruce_chromatin_dynamics/DAPseq_bartlett/fastq/SRR2926655.fastq.gz
SRR2926657,tf,/mnt/ada/projects/spruce/nstreet/spruce_chromatin_dynamics/DAPseq_bartlett/fastq/SRR2926657.fastq.gz
SRR2926659,tf,/mnt/ada/projects/spruce/nstreet/spruce_chromatin_dynamics/DAPseq_bartlett/fastq/SRR2926659.fastq.gz
SRR2926661,tf,/mnt/ada/projects/spruce/nstreet/spruce_chromatin_dynamics/DAPseq_bartlett/fastq/SRR2926661.fastq.gz
SRR2926663,tf,/mnt/ada/projects/spruce/nstreet/spruce_chromatin_dynamics/DAPseq_bartlett/fastq/SRR2926663.fastq.gz
SRR2926664,tf,/mnt/ada/projects/spruce/nstreet/spruce_chromatin_dynamics/DAPseq_bartlett/fastq/SRR2926664.fastq.gz
SRR2926666,tf,/mnt/ada/projects/spruce/nstreet/spruce_chromatin_dynamics/DAPseq_bartlett/fastq/SRR2926666.fastq.gz
SRR2926668,tf,/mnt/ada/projects/spruce/nstreet/spruce_chromatin_dynamics/DAPseq_bartlett/fastq/SRR2926668.fastq.gz
SRR2926670,tf,/mnt/ada/projects/spruce/nstreet/spruce_chromatin_dynamics/DAPseq_bartlett/fastq/SRR2926670.fastq.gz
SRR2926671,tf,/mnt/ada/projects/spruce/nstreet/spruce_chromatin_dynamics/DAPseq_bartlett/fastq/SRR2926671.fastq.gz
SRR2926673,tf,/mnt/ada/projects/spruce/nstreet/spruce_chromatin_dynamics/DAPseq_bartlett/fastq/SRR2926673.fastq.gz
SRR2926677,tf,/mnt/ada/projects/spruce/nstreet/spruce_chromatin_dynamics/DAPseq_bartlett/fastq/SRR2926677.fastq.gz
SRR2926683,tf,/mnt/ada/projects/spruce/nstreet/spruce_chromatin_dynamics/DAPseq_bartlett/fastq/SRR2926683.fastq.gz
SRR2926686,tf,/mnt/ada/projects/spruce/nstreet/spruce_chromatin_dynamics/DAPseq_bartlett/fastq/SRR2926686.fastq.gz
SRR2926687,tf,/mnt/ada/projects/spruce/nstreet/spruce_chromatin_dynamics/DAPseq_bartlett/fastq/SRR2926687.fastq.gz
SRR2926691,tf,/mnt/ada/projects/spruce/nstreet/spruce_chromatin_dynamics/DAPseq_bartlett/fastq/SRR2926691.fastq.gz
SRR2926693,tf,/mnt/ada/projects/spruce/nstreet/spruce_chromatin_dynamics/DAPseq_bartlett/fastq/SRR2926693.fastq.gz
SRR2926695,tf,/mnt/ada/projects/spruce/nstreet/spruce_chromatin_dynamics/DAPseq_bartlett/fastq/SRR2926695.fastq.gz
SRR2926696,tf,/mnt/ada/projects/spruce/nstreet/spruce_chromatin_dynamics/DAPseq_bartlett/fastq/SRR2926696.fastq.gz
SRR2926698,tf,/mnt/ada/projects/spruce/nstreet/spruce_chromatin_dynamics/DAPseq_bartlett/fastq/SRR2926698.fastq.gz
SRR2926700,tf,/mnt/ada/projects/spruce/nstreet/spruce_chromatin_dynamics/DAPseq_bartlett/fastq/SRR2926700.fastq.gz
SRR2926701,tf,/mnt/ada/projects/spruce/nstreet/spruce_chromatin_dynamics/DAPseq_bartlett/fastq/SRR2926701.fastq.gz
SRR2926707,tf,/mnt/ada/projects/spruce/nstreet/spruce_chromatin_dynamics/DAPseq_bartlett/fastq/SRR2926707.fastq.gz
SRR2926709,tf,/mnt/ada/projects/spruce/nstreet/spruce_chromatin_dynamics/DAPseq_bartlett/fastq/SRR2926709.fastq.gz
SRR2926713,tf,/mnt/ada/projects/spruce/nstreet/spruce_chromatin_dynamics/DAPseq_bartlett/fastq/SRR2926713.fastq.gz
SRR2926716,tf,/mnt/ada/projects/spruce/nstreet/spruce_chromatin_dynamics/DAPseq_bartlett/fastq/SRR2926716.fastq.gz
SRR2926718,tf,/mnt/ada/projects/spruce/nstreet/spruce_chromatin_dynamics/DAPseq_bartlett/fastq/SRR2926718.fastq.gz
SRR2926728,tf,/mnt/ada/projects/spruce/nstreet/spruce_chromatin_dynamics/DAPseq_bartlett/fastq/SRR2926728.fastq.gz
SRR2926731,tf,/mnt/ada/projects/spruce/nstreet/spruce_chromatin_dynamics/DAPseq_bartlett/fastq/SRR2926731.fastq.gz
SRR2926733,tf,/mnt/ada/projects/spruce/nstreet/spruce_chromatin_dynamics/DAPseq_bartlett/fastq/SRR2926733.fastq.gz
SRR2926737,tf,/mnt/ada/projects/spruce/nstreet/spruce_chromatin_dynamics/DAPseq_bartlett/fastq/SRR2926737.fastq.gz
SRR2926743,tf,/mnt/ada/projects/spruce/nstreet/spruce_chromatin_dynamics/DAPseq_bartlett/fastq/SRR2926743.fastq.gz
SRR2926746,tf,/mnt/ada/projects/spruce/nstreet/spruce_chromatin_dynamics/DAPseq_bartlett/fastq/SRR2926746.fastq.gz
SRR2926748,tf,/mnt/ada/projects/spruce/nstreet/spruce_chromatin_dynamics/DAPseq_bartlett/fastq/SRR2926748.fastq.gz
SRR2926749,tf,/mnt/ada/projects/spruce/nstreet/spruce_chromatin_dynamics/DAPseq_bartlett/fastq/SRR2926749.fastq.gz
SRR2926751,tf,/mnt/ada/projects/spruce/nstreet/spruce_chromatin_dynamics/DAPseq_bartlett/fastq/SRR2926751.fastq.gz
SRR2926754,tf,/mnt/ada/projects/spruce/nstreet/spruce_chromatin_dynamics/DAPseq_bartlett/fastq/SRR2926754.fastq.gz
SRR2926760,tf,/mnt/ada/projects/spruce/nstreet/spruce_chromatin_dynamics/DAPseq_bartlett/fastq/SRR2926760.fastq.gz
SRR2926761,tf,/mnt/ada/projects/spruce/nstreet/spruce_chromatin_dynamics/DAPseq_bartlett/fastq/SRR2926761.fastq.gz
SRR2926765,tf,/mnt/ada/projects/spruce/nstreet/spruce_chromatin_dynamics/DAPseq_bartlett/fastq/SRR2926765.fastq.gz
SRR2926767,tf,/mnt/ada/projects/spruce/nstreet/spruce_chromatin_dynamics/DAPseq_bartlett/fastq/SRR2926767.fastq.gz
SRR2926771,tf,/mnt/ada/projects/spruce/nstreet/spruce_chromatin_dynamics/DAPseq_bartlett/fastq/SRR2926771.fastq.gz
SRR2926773,tf,/mnt/ada/projects/spruce/nstreet/spruce_chromatin_dynamics/DAPseq_bartlett/fastq/SRR2926773.fastq.gz
SRR2926775,tf,/mnt/ada/projects/spruce/nstreet/spruce_chromatin_dynamics/DAPseq_bartlett/fastq/SRR2926775.fastq.gz
SRR2926776,tf,/mnt/ada/projects/spruce/nstreet/spruce_chromatin_dynamics/DAPseq_bartlett/fastq/SRR2926776.fastq.gz
SRR2926781,tf,/mnt/ada/projects/spruce/nstreet/spruce_chromatin_dynamics/DAPseq_bartlett/fastq/SRR2926781.fastq.gz
SRR2926788,tf,/mnt/ada/projects/spruce/nstreet/spruce_chromatin_dynamics/DAPseq_bartlett/fastq/SRR2926788.fastq.gz
SRR2926794,tf,/mnt/ada/projects/spruce/nstreet/spruce_chromatin_dynamics/DAPseq_bartlett/fastq/SRR2926794.fastq.gz
SRR2926795,tf,/mnt/ada/projects/spruce/nstreet/spruce_chromatin_dynamics/DAPseq_bartlett/fastq/SRR2926795.fastq.gz
SRR2926800,tf,/mnt/ada/projects/spruce/nstreet/spruce_chromatin_dynamics/DAPseq_bartlett/fastq/SRR2926800.fastq.gz
SRR2926802,tf,/mnt/ada/projects/spruce/nstreet/spruce_chromatin_dynamics/DAPseq_bartlett/fastq/SRR2926802.fastq.gz
SRR2926804,tf,/mnt/ada/projects/spruce/nstreet/spruce_chromatin_dynamics/DAPseq_bartlett/fastq/SRR2926804.fastq.gz
SRR2926809,tf,/mnt/ada/projects/spruce/nstreet/spruce_chromatin_dynamics/DAPseq_bartlett/fastq/SRR2926809.fastq.gz
SRR2926811,tf,/mnt/ada/projects/spruce/nstreet/spruce_chromatin_dynamics/DAPseq_bartlett/fastq/SRR2926811.fastq.gz
SRR2926813,tf,/mnt/ada/projects/spruce/nstreet/spruce_chromatin_dynamics/DAPseq_bartlett/fastq/SRR2926813.fastq.gz
SRR2926815,tf,/mnt/ada/projects/spruce/nstreet/spruce_chromatin_dynamics/DAPseq_bartlett/fastq/SRR2926815.fastq.gz
SRR2926816,tf,/mnt/ada/projects/spruce/nstreet/spruce_chromatin_dynamics/DAPseq_bartlett/fastq/SRR2926816.fastq.gz
SRR2926818,tf,/mnt/ada/projects/spruce/nstreet/spruce_chromatin_dynamics/DAPseq_bartlett/fastq/SRR2926818.fastq.gz
SRR2926823,tf,/mnt/ada/projects/spruce/nstreet/spruce_chromatin_dynamics/DAPseq_bartlett/fastq/SRR2926823.fastq.gz
SRR2926825,tf,/mnt/ada/projects/spruce/nstreet/spruce_chromatin_dynamics/DAPseq_bartlett/fastq/SRR2926825.fastq.gz
SRR2926830,tf,/mnt/ada/projects/spruce/nstreet/spruce_chromatin_dynamics/DAPseq_bartlett/fastq/SRR2926830.fastq.gz
SRR2926838,tf,/mnt/ada/projects/spruce/nstreet/spruce_chromatin_dynamics/DAPseq_bartlett/fastq/SRR2926838.fastq.gz
SRR2926839,tf,/mnt/ada/projects/spruce/nstreet/spruce_chromatin_dynamics/DAPseq_bartlett/fastq/SRR2926839.fastq.gz
SRR2926841,tf,/mnt/ada/projects/spruce/nstreet/spruce_chromatin_dynamics/DAPseq_bartlett/fastq/SRR2926841.fastq.gz
SRR2926843,tf,/mnt/ada/projects/spruce/nstreet/spruce_chromatin_dynamics/DAPseq_bartlett/fastq/SRR2926843.fastq.gz
SRR2926845,tf,/mnt/ada/projects/spruce/nstreet/spruce_chromatin_dynamics/DAPseq_bartlett/fastq/SRR2926845.fastq.gz
SRR2926850,tf,/mnt/ada/projects/spruce/nstreet/spruce_chromatin_dynamics/DAPseq_bartlett/fastq/SRR2926850.fastq.gz
SRR2926854,tf,/mnt/ada/projects/spruce/nstreet/spruce_chromatin_dynamics/DAPseq_bartlett/fastq/SRR2926854.fastq.gz
SRR2926857,tf,/mnt/ada/projects/spruce/nstreet/spruce_chromatin_dynamics/DAPseq_bartlett/fastq/SRR2926857.fastq.gz
SRR2926859,tf,/mnt/ada/projects/spruce/nstreet/spruce_chromatin_dynamics/DAPseq_bartlett/fastq/SRR2926859.fastq.gz
SRR2926861,tf,/mnt/ada/projects/spruce/nstreet/spruce_chromatin_dynamics/DAPseq_bartlett/fastq/SRR2926861.fastq.gz
SRR2926863,tf,/mnt/ada/projects/spruce/nstreet/spruce_chromatin_dynamics/DAPseq_bartlett/fastq/SRR2926863.fastq.gz
SRR2926865,tf,/mnt/ada/projects/spruce/nstreet/spruce_chromatin_dynamics/DAPseq_bartlett/fastq/SRR2926865.fastq.gz
SRR2926866,tf,/mnt/ada/projects/spruce/nstreet/spruce_chromatin_dynamics/DAPseq_bartlett/fastq/SRR2926866.fastq.gz
SRR2926867,tf,/mnt/ada/projects/spruce/nstreet/spruce_chromatin_dynamics/DAPseq_bartlett/fastq/SRR2926867.fastq.gz
SRR2926873,tf,/mnt/ada/projects/spruce/nstreet/spruce_chromatin_dynamics/DAPseq_bartlett/fastq/SRR2926873.fastq.gz
SRR2926875,tf,/mnt/ada/projects/spruce/nstreet/spruce_chromatin_dynamics/DAPseq_bartlett/fastq/SRR2926875.fastq.gz
SRR2926877,tf,/mnt/ada/projects/spruce/nstreet/spruce_chromatin_dynamics/DAPseq_bartlett/fastq/SRR2926877.fastq.gz
SRR2926879,tf,/mnt/ada/projects/spruce/nstreet/spruce_chromatin_dynamics/DAPseq_bartlett/fastq/SRR2926879.fastq.gz
SRR2926882,tf,/mnt/ada/projects/spruce/nstreet/spruce_chromatin_dynamics/DAPseq_bartlett/fastq/SRR2926882.fastq.gz
SRR2926883,tf,/mnt/ada/projects/spruce/nstreet/spruce_chromatin_dynamics/DAPseq_bartlett/fastq/SRR2926883.fastq.gz
SRR2926884,tf,/mnt/ada/projects/spruce/nstreet/spruce_chromatin_dynamics/DAPseq_bartlett/fastq/SRR2926884.fastq.gz
SRR2926885,tf,/mnt/ada/projects/spruce/nstreet/spruce_chromatin_dynamics/DAPseq_bartlett/fastq/SRR2926885.fastq.gz
SRR2926886,tf,/mnt/ada/projects/spruce/nstreet/spruce_chromatin_dynamics/DAPseq_bartlett/fastq/SRR2926886.fastq.gz
SRR2926887,tf,/mnt/ada/projects/spruce/nstreet/spruce_chromatin_dynamics/DAPseq_bartlett/fastq/SRR2926887.fastq.gz
SRR2926888,tf,/mnt/ada/projects/spruce/nstreet/spruce_chromatin_dynamics/DAPseq_bartlett/fastq/SRR2926888.fastq.gz
SRR2926889,tf,/mnt/ada/projects/spruce/nstreet/spruce_chromatin_dynamics/DAPseq_bartlett/fastq/SRR2926889.fastq.gz
SRR2926890,tf,/mnt/ada/projects/spruce/nstreet/spruce_chromatin_dynamics/DAPseq_bartlett/fastq/SRR2926890.fastq.gz
SRR2926891,tf,/mnt/ada/projects/spruce/nstreet/spruce_chromatin_dynamics/DAPseq_bartlett/fastq/SRR2926891.fastq.gz
SRR2926892,tf,/mnt/ada/projects/spruce/nstreet/spruce_chromatin_dynamics/DAPseq_bartlett/fastq/SRR2926892.fastq.gz
SRR2926898,tf,/mnt/ada/projects/spruce/nstreet/spruce_chromatin_dynamics/DAPseq_bartlett/fastq/SRR2926898.fastq.gz
SRR2926899,tf,/mnt/ada/projects/spruce/nstreet/spruce_chromatin_dynamics/DAPseq_bartlett/fastq/SRR2926899.fastq.gz
SRR2926902,tf,/mnt/ada/projects/spruce/nstreet/spruce_chromatin_dynamics/DAPseq_bartlett/fastq/SRR2926902.fastq.gz
SRR2926904,tf,/mnt/ada/projects/spruce/nstreet/spruce_chromatin_dynamics/DAPseq_bartlett/fastq/SRR2926904.fastq.gz
SRR2926905,tf,/mnt/ada/projects/spruce/nstreet/spruce_chromatin_dynamics/DAPseq_bartlett/fastq/SRR2926905.fastq.gz
SRR2926906,tf,/mnt/ada/projects/spruce/nstreet/spruce_chromatin_dynamics/DAPseq_bartlett/fastq/SRR2926906.fastq.gz
SRR2926908,tf,/mnt/ada/projects/spruce/nstreet/spruce_chromatin_dynamics/DAPseq_bartlett/fastq/SRR2926908.fastq.gz
SRR2926910,tf,/mnt/ada/projects/spruce/nstreet/spruce_chromatin_dynamics/DAPseq_bartlett/fastq/SRR2926910.fastq.gz
SRR2926911,tf,/mnt/ada/projects/spruce/nstreet/spruce_chromatin_dynamics/DAPseq_bartlett/fastq/SRR2926911.fastq.gz
SRR2926912,tf,/mnt/ada/projects/spruce/nstreet/spruce_chromatin_dynamics/DAPseq_bartlett/fastq/SRR2926912.fastq.gz
SRR2926916,tf,/mnt/ada/projects/spruce/nstreet/spruce_chromatin_dynamics/DAPseq_bartlett/fastq/SRR2926916.fastq.gz
SRR2926917,tf,/mnt/ada/projects/spruce/nstreet/spruce_chromatin_dynamics/DAPseq_bartlett/fastq/SRR2926917.fastq.gz
SRR2926918,tf,/mnt/ada/projects/spruce/nstreet/spruce_chromatin_dynamics/DAPseq_bartlett/fastq/SRR2926918.fastq.gz
SRR2926926,tf,/mnt/ada/projects/spruce/nstreet/spruce_chromatin_dynamics/DAPseq_bartlett/fastq/SRR2926926.fastq.gz
SRR2926928,tf,/mnt/ada/projects/spruce/nstreet/spruce_chromatin_dynamics/DAPseq_bartlett/fastq/SRR2926928.fastq.gz
SRR2926929,tf,/mnt/ada/projects/spruce/nstreet/spruce_chromatin_dynamics/DAPseq_bartlett/fastq/SRR2926929.fastq.gz
SRR2926930,tf,/mnt/ada/projects/spruce/nstreet/spruce_chromatin_dynamics/DAPseq_bartlett/fastq/SRR2926930.fastq.gz
SRR2926931,tf,/mnt/ada/projects/spruce/nstreet/spruce_chromatin_dynamics/DAPseq_bartlett/fastq/SRR2926931.fastq.gz
SRR2926932,tf,/mnt/ada/projects/spruce/nstreet/spruce_chromatin_dynamics/DAPseq_bartlett/fastq/SRR2926932.fastq.gz
SRR2926933,tf,/mnt/ada/projects/spruce/nstreet/spruce_chromatin_dynamics/DAPseq_bartlett/fastq/SRR2926933.fastq.gz
SRR2926934,tf,/mnt/ada/projects/spruce/nstreet/spruce_chromatin_dynamics/DAPseq_bartlett/fastq/SRR2926934.fastq.gz
SRR2926935,tf,/mnt/ada/projects/spruce/nstreet/spruce_chromatin_dynamics/DAPseq_bartlett/fastq/SRR2926935.fastq.gz
SRR2926936,tf,/mnt/ada/projects/spruce/nstreet/spruce_chromatin_dynamics/DAPseq_bartlett/fastq/SRR2926936.fastq.gz
SRR2926937,tf,/mnt/ada/projects/spruce/nstreet/spruce_chromatin_dynamics/DAPseq_bartlett/fastq/SRR2926937.fastq.gz
SRR2926938,tf,/mnt/ada/projects/spruce/nstreet/spruce_chromatin_dynamics/DAPseq_bartlett/fastq/SRR2926938.fastq.gz
SRR2926939,tf,/mnt/ada/projects/spruce/nstreet/spruce_chromatin_dynamics/DAPseq_bartlett/fastq/SRR2926939.fastq.gz
SRR2926940,tf,/mnt/ada/projects/spruce/nstreet/spruce_chromatin_dynamics/DAPseq_bartlett/fastq/SRR2926940.fastq.gz
SRR2926941,tf,/mnt/ada/projects/spruce/nstreet/spruce_chromatin_dynamics/DAPseq_bartlett/fastq/SRR2926941.fastq.gz
SRR2926942,tf,/mnt/ada/projects/spruce/nstreet/spruce_chromatin_dynamics/DAPseq_bartlett/fastq/SRR2926942.fastq.gz
SRR2926943,tf,/mnt/ada/projects/spruce/nstreet/spruce_chromatin_dynamics/DAPseq_bartlett/fastq/SRR2926943.fastq.gz
SRR2926944,tf,/mnt/ada/projects/spruce/nstreet/spruce_chromatin_dynamics/DAPseq_bartlett/fastq/SRR2926944.fastq.gz
SRR2926945,tf,/mnt/ada/projects/spruce/nstreet/spruce_chromatin_dynamics/DAPseq_bartlett/fastq/SRR2926945.fastq.gz
SRR2926946,tf,/mnt/ada/projects/spruce/nstreet/spruce_chromatin_dynamics/DAPseq_bartlett/fastq/SRR2926946.fastq.gz
SRR2926947,tf,/mnt/ada/projects/spruce/nstreet/spruce_chromatin_dynamics/DAPseq_bartlett/fastq/SRR2926947.fastq.gz
SRR2926948,tf,/mnt/ada/projects/spruce/nstreet/spruce_chromatin_dynamics/DAPseq_bartlett/fastq/SRR2926948.fastq.gz
SRR2926949,tf,/mnt/ada/projects/spruce/nstreet/spruce_chromatin_dynamics/DAPseq_bartlett/fastq/SRR2926949.fastq.gz
SRR2926950,tf,/mnt/ada/projects/spruce/nstreet/spruce_chromatin_dynamics/DAPseq_bartlett/fastq/SRR2926950.fastq.gz
SRR2926951,tf,/mnt/ada/projects/spruce/nstreet/spruce_chromatin_dynamics/DAPseq_bartlett/fastq/SRR2926951.fastq.gz
SRR2926952,tf,/mnt/ada/projects/spruce/nstreet/spruce_chromatin_dynamics/DAPseq_bartlett/fastq/SRR2926952.fastq.gz
SRR2926953,tf,/mnt/ada/projects/spruce/nstreet/spruce_chromatin_dynamics/DAPseq_bartlett/fastq/SRR2926953.fastq.gz
SRR2926954,tf,/mnt/ada/projects/spruce/nstreet/spruce_chromatin_dynamics/DAPseq_bartlett/fastq/SRR2926954.fastq.gz
SRR2926955,tf,/mnt/ada/projects/spruce/nstreet/spruce_chromatin_dynamics/DAPseq_bartlett/fastq/SRR2926955.fastq.gz
SRR2926956,tf,/mnt/ada/projects/spruce/nstreet/spruce_chromatin_dynamics/DAPseq_bartlett/fastq/SRR2926956.fastq.gz
SRR2926957,tf,/mnt/ada/projects/spruce/nstreet/spruce_chromatin_dynamics/DAPseq_bartlett/fastq/SRR2926957.fastq.gz
SRR2926958,tf,/mnt/ada/projects/spruce/nstreet/spruce_chromatin_dynamics/DAPseq_bartlett/fastq/SRR2926958.fastq.gz
SRR2926959,tf,/mnt/ada/projects/spruce/nstreet/spruce_chromatin_dynamics/DAPseq_bartlett/fastq/SRR2926959.fastq.gz
SRR2926960,tf,/mnt/ada/projects/spruce/nstreet/spruce_chromatin_dynamics/DAPseq_bartlett/fastq/SRR2926960.fastq.gz
SRR2926962,tf,/mnt/ada/projects/spruce/nstreet/spruce_chromatin_dynamics/DAPseq_bartlett/fastq/SRR2926962.fastq.gz
SRR2926963,tf,/mnt/ada/projects/spruce/nstreet/spruce_chromatin_dynamics/DAPseq_bartlett/fastq/SRR2926963.fastq.gz
SRR2926964,tf,/mnt/ada/projects/spruce/nstreet/spruce_chromatin_dynamics/DAPseq_bartlett/fastq/SRR2926964.fastq.gz
SRR2926966,tf,/mnt/ada/projects/spruce/nstreet/spruce_chromatin_dynamics/DAPseq_bartlett/fastq/SRR2926966.fastq.gz
SRR2926967,tf,/mnt/ada/projects/spruce/nstreet/spruce_chromatin_dynamics/DAPseq_bartlett/fastq/SRR2926967.fastq.gz
SRR2926968,tf,/mnt/ada/projects/spruce/nstreet/spruce_chromatin_dynamics/DAPseq_bartlett/fastq/SRR2926968.fastq.gz
SRR2926970,tf,/mnt/ada/projects/spruce/nstreet/spruce_chromatin_dynamics/DAPseq_bartlett/fastq/SRR2926970.fastq.gz
SRR2926971,tf,/mnt/ada/projects/spruce/nstreet/spruce_chromatin_dynamics/DAPseq_bartlett/fastq/SRR2926971.fastq.gz
SRR2926972,tf,/mnt/ada/projects/spruce/nstreet/spruce_chromatin_dynamics/DAPseq_bartlett/fastq/SRR2926972.fastq.gz
SRR2926974,tf,/mnt/ada/projects/spruce/nstreet/spruce_chromatin_dynamics/DAPseq_bartlett/fastq/SRR2926974.fastq.gz
SRR2926975,tf,/mnt/ada/projects/spruce/nstreet/spruce_chromatin_dynamics/DAPseq_bartlett/fastq/SRR2926975.fastq.gz
SRR2926976,tf,/mnt/ada/projects/spruce/nstreet/spruce_chromatin_dynamics/DAPseq_bartlett/fastq/SRR2926976.fastq.gz
SRR2926978,tf,/mnt/ada/projects/spruce/nstreet/spruce_chromatin_dynamics/DAPseq_bartlett/fastq/SRR2926978.fastq.gz
SRR2926979,tf,/mnt/ada/projects/spruce/nstreet/spruce_chromatin_dynamics/DAPseq_bartlett/fastq/SRR2926979.fastq.gz
SRR2926980,tf,/mnt/ada/projects/spruce/nstreet/spruce_chromatin_dynamics/DAPseq_bartlett/fastq/SRR2926980.fastq.gz
SRR2926984,tf,/mnt/ada/projects/spruce/nstreet/spruce_chromatin_dynamics/DAPseq_bartlett/fastq/SRR2926984.fastq.gz
SRR2926985,tf,/mnt/ada/projects/spruce/nstreet/spruce_chromatin_dynamics/DAPseq_bartlett/fastq/SRR2926985.fastq.gz
SRR2926988,tf,/mnt/ada/projects/spruce/nstreet/spruce_chromatin_dynamics/DAPseq_bartlett/fastq/SRR2926988.fastq.gz
SRR2926989,tf,/mnt/ada/projects/spruce/nstreet/spruce_chromatin_dynamics/DAPseq_bartlett/fastq/SRR2926989.fastq.gz
SRR2926992,tf,/mnt/ada/projects/spruce/nstreet/spruce_chromatin_dynamics/DAPseq_bartlett/fastq/SRR2926992.fastq.gz
SRR2926993,tf,/mnt/ada/projects/spruce/nstreet/spruce_chromatin_dynamics/DAPseq_bartlett/fastq/SRR2926993.fastq.gz
SRR2926994,tf,/mnt/ada/projects/spruce/nstreet/spruce_chromatin_dynamics/DAPseq_bartlett/fastq/SRR2926994.fastq.gz
SRR2926995,tf,/mnt/ada/projects/spruce/nstreet/spruce_chromatin_dynamics/DAPseq_bartlett/fastq/SRR2926995.fastq.gz
SRR2926996,tf,/mnt/ada/projects/spruce/nstreet/spruce_chromatin_dynamics/DAPseq_bartlett/fastq/SRR2926996.fastq.gz
SRR2926997,tf,/mnt/ada/projects/spruce/nstreet/spruce_chromatin_dynamics/DAPseq_bartlett/fastq/SRR2926997.fastq.gz
SRR2926998,tf,/mnt/ada/projects/spruce/nstreet/spruce_chromatin_dynamics/DAPseq_bartlett/fastq/SRR2926998.fastq.gz
SRR2926999,tf,/mnt/ada/projects/spruce/nstreet/spruce_chromatin_dynamics/DAPseq_bartlett/fastq/SRR2926999.fastq.gz
SRR2927000,tf,/mnt/ada/projects/spruce/nstreet/spruce_chromatin_dynamics/DAPseq_bartlett/fastq/SRR2927000.fastq.gz
SRR2927001,tf,/mnt/ada/projects/spruce/nstreet/spruce_chromatin_dynamics/DAPseq_bartlett/fastq/SRR2927001.fastq.gz
SRR2927002,tf,/mnt/ada/projects/spruce/nstreet/spruce_chromatin_dynamics/DAPseq_bartlett/fastq/SRR2927002.fastq.gz
SRR2927003,tf,/mnt/ada/projects/spruce/nstreet/spruce_chromatin_dynamics/DAPseq_bartlett/fastq/SRR2927003.fastq.gz
SRR2926075,tf,/mnt/ada/projects/spruce/nstreet/spruce_chromatin_dynamics/DAPseq_bartlett/fastq/SRR2926075.fastq.gz
