sample,role,fastq_1,fastq_2
SRR13762876,tf,/mnt/ada/projects/spruce/nstreet/spruce_chromatin_dynamics/DAPseq_zhang/fastq/SRR13762876_1.fastq.gz,/mnt/ada/projects/spruce/nstreet/spruce_chromatin_dynamics/DAPseq_zhang/fastq/SRR13762876_2.fastq.gz
SRR13762877,tf,/mnt/ada/projects/spruce/nstreet/spruce_chromatin_dynamics/DAPseq_zhang/fastq/SRR13762877_1.fastq.gz,/mnt/ada/projects/spruce/nstreet/spruce_chromatin_dynamics/DAPseq_zhang/fastq/SRR13762877_2.fastq.gz
SRR13762878,tf,/mnt/ada/projects/spruce/nstreet/spruce_chromatin_dynamics/DAPseq_zhang/fastq/SRR13762878_1.fastq.gz,/mnt/ada/projects/spruce/nstreet/spruce_chromatin_dynamics/DAPseq_zhang/fastq/SRR13762878_2.fastq.gz
SRR13762879,tf,/mnt/ada/projects/spruce/nstreet/spruce_chromatin_dynamics/DAPseq_zhang/fastq/SRR13762879_1.fastq.gz,/mnt/ada/projects/spruce/nstreet/spruce_chromatin_dynamics/DAPseq_zhang/fastq/SRR13762879_2.fastq.gz
SRR13762880,tf,/mnt/ada/projects/spruce/nstreet/spruce_chromatin_dynamics/DAPseq_zhang/fastq/SRR13762880_1.fastq.gz,/mnt/ada/projects/spruce/nstreet/spruce_chromatin_dynamics/DAPseq_zhang/fastq/SRR13762880_2.fastq.gz
SRR13762881,tf,/mnt/ada/projects/spruce/nstreet/spruce_chromatin_dynamics/DAPseq_zhang/fastq/SRR13762881_1.fastq.gz,/mnt/ada/projects/spruce/nstreet/spruce_chromatin_dynamics/DAPseq_zhang/fastq/SRR13762881_2.fastq.gz
SRR13762882,tf,/mnt/ada/projects/spruce/nstreet/spruce_chromatin_dynamics/DAPseq_zhang/fastq/SRR13762882_1.fastq.gz,/mnt/ada/projects/spruce/nstreet/spruce_chromatin_dynamics/DAPseq_zhang/fastq/SRR13762882_2.fastq.gz
SRR13762883,tf,/mnt/ada/projects/spruce/nstreet/spruce_chromatin_dynamics/DAPseq_zhang/fastq/SRR13762883_1.fastq.gz,/mnt/ada/projects/spruce/nstreet/spruce_chromatin_dynamics/DAPseq_zhang/fastq/SRR13762883_2.fastq.gz
SRR13762884,tf,/mnt/ada/projects/spruce/nstreet/spruce_chromatin_dynamics/DAPseq_zhang/fastq/SRR13762884_1.fastq.gz,/mnt/ada/projects/spruce/nstreet/spruce_chromatin_dynamics/DAPseq_zhang/fastq/SRR13762884_2.fastq.gz
SRR13762885,tf,/mnt/ada/projects/spruce/nstreet/spruce_chromatin_dynamics/DAPseq_zhang/fastq/SRR13762885_1.fastq.gz,/mnt/ada/projects/spruce/nstreet/spruce_chromatin_dynamics/DAPseq_zhang/fastq/SRR13762885_2.fastq.gz
SRR13762886,tf,/mnt/ada/projects/spruce/nstreet/spruce_chromatin_dynamics/DAPseq_zhang/fastq/SRR13762886_1.fastq.gz,/mnt/ada/projects/spruce/nstreet/spruce_chromatin_dynamics/DAPseq_zhang/fastq/SRR13762886_2.fastq.gz
SRR13762887,tf,/mnt/ada/projects/spruce/nstreet/spruce_chromatin_dynamics/DAPseq_zhang/fastq/SRR13762887_1.fastq.gz,/mnt/ada/projects/spruce/nstreet/spruce_chromatin_dynamics/DAPseq_zhang/fastq/SRR13762887_2.fastq.gz
SRR13762888,tf,/mnt/ada/projects/spruce/nstreet/spruce_chromatin_dynamics/DAPseq_zhang/fastq/SRR13762888_1.fastq.gz,/mnt/ada/projects/spruce/nstreet/spruce_chromatin_dynamics/DAPseq_zhang/fastq/SRR13762888_2.fastq.gz
SRR13762889,tf,/mnt/ada/projects/spruce/nstreet/spruce_chromatin_dynamics/DAPseq_zhang/fastq/SRR13762889_1.fastq.gz,/mnt/ada/projects/spruce/nstreet/spruce_chromatin_dynamics/DAPseq_zhang/fastq/SRR13762889_2.fastq.gz
SRR13762890,tf,/mnt/ada/projects/spruce/nstreet/spruce_chromatin_dynamics/DAPseq_zhang/fastq/SRR13762890_1.fastq.gz,/mnt/ada/projects/spruce/nstreet/spruce_chromatin_dynamics/DAPseq_zhang/fastq/SRR13762890_2.fastq.gz
SRR13762891,tf,/mnt/ada/projects/spruce/nstreet/spruce_chromatin_dynamics/DAPseq_zhang/fastq/SRR13762891_1.fastq.gz,/mnt/ada/projects/spruce/nstreet/spruce_chromatin_dynamics/DAPseq_zhang/fastq/SRR13762891_2.fastq.gz
SRR13762892,tf,/mnt/ada/projects/spruce/nstreet/spruce_chromatin_dynamics/DAPseq_zhang/fastq/SRR13762892_1.fastq.gz,/mnt/ada/projects/spruce/nstreet/spruce_chromatin_dynamics/DAPseq_zhang/fastq/SRR13762892_2.fastq.gz
SRR13762893,tf,/mnt/ada/projects/spruce/nstreet/spruce_chromatin_dynamics/DAPseq_zhang/fastq/SRR13762893_1.fastq.gz,/mnt/ada/projects/spruce/nstreet/spruce_chromatin_dynamics/DAPseq_zhang/fastq/SRR13762893_2.fastq.gz
SRR13762894,tf,/mnt/ada/projects/spruce/nstreet/spruce_chromatin_dynamics/DAPseq_zhang/fastq/SRR13762894_1.fastq.gz,/mnt/ada/projects/spruce/nstreet/spruce_chromatin_dynamics/DAPseq_zhang/fastq/SRR13762894_2.fastq.gz
SRR13762895,tf,/mnt/ada/projects/spruce/nstreet/spruce_chromatin_dynamics/DAPseq_zhang/fastq/SRR13762895_1.fastq.gz,/mnt/ada/projects/spruce/nstreet/spruce_chromatin_dynamics/DAPseq_zhang/fastq/SRR13762895_2.fastq.gz
SRR13762896,tf,/mnt/ada/projects/spruce/nstreet/spruce_chromatin_dynamics/DAPseq_zhang/fastq/SRR13762896_1.fastq.gz,/mnt/ada/projects/spruce/nstreet/spruce_chromatin_dynamics/DAPseq_zhang/fastq/SRR13762896_2.fastq.gz
SRR13762897,tf,/mnt/ada/projects/spruce/nstreet/spruce_chromatin_dynamics/DAPseq_zhang/fastq/SRR13762897_1.fastq.gz,/mnt/ada/projects/spruce/nstreet/spruce_chromatin_dynamics/DAPseq_zhang/fastq/SRR13762897_2.fastq.gz
SRR13762898,tf,/mnt/ada/projects/spruce/nstreet/spruce_chromatin_dynamics/DAPseq_zhang/fastq/SRR13762898_1.fastq.gz,/mnt/ada/projects/spruce/nstreet/spruce_chromatin_dynamics/DAPseq_zhang/fastq/SRR13762898_2.fastq.gz
SRR13762899,tf,/mnt/ada/projects/spruce/nstreet/spruce_chromatin_dynamics/DAPseq_zhang/fastq/SRR13762899_1.fastq.gz,/mnt/ada/projects/spruce/nstreet/spruce_chromatin_dynamics/DAPseq_zhang/fastq/SRR13762899_2.fastq.gz
SRR13762900,tf,/mnt/ada/projects/spruce/nstreet/spruce_chromatin_dynamics/DAPseq_zhang/fastq/SRR13762900_1.fastq.gz,/mnt/ada/projects/spruce/nstreet/spruce_chromatin_dynamics/DAPseq_zhang/fastq/SRR13762900_2.fastq.gz
SRR13762901,tf,/mnt/ada/projects/spruce/nstreet/spruce_chromatin_dynamics/DAPseq_zhang/fastq/SRR13762901_1.fastq.gz,/mnt/ada/projects/spruce/nstreet/spruce_chromatin_dynamics/DAPseq_zhang/fastq/SRR13762901_2.fastq.gz
SRR13762902,tf,/mnt/ada/projects/spruce/nstreet/spruce_chromatin_dynamics/DAPseq_zhang/fastq/SRR13762902_1.fastq.gz,/mnt/ada/projects/spruce/nstreet/spruce_chromatin_dynamics/DAPseq_zhang/fastq/SRR13762902_2.fastq.gz
SRR13762903,tf,/mnt/ada/projects/spruce/nstreet/spruce_chromatin_dynamics/DAPseq_zhang/fastq/SRR13762903_1.fastq.gz,/mnt/ada/projects/spruce/nstreet/spruce_chromatin_dynamics/DAPseq_zhang/fastq/SRR13762903_2.fastq.gz
SRR13762904,tf,/mnt/ada/projects/spruce/nstreet/spruce_chromatin_dynamics/DAPseq_zhang/fastq/SRR13762904_1.fastq.gz,/mnt/ada/projects/spruce/nstreet/spruce_chromatin_dynamics/DAPseq_zhang/fastq/SRR13762904_2.fastq.gz
SRR13762905,tf,/mnt/ada/projects/spruce/nstreet/spruce_chromatin_dynamics/DAPseq_zhang/fastq/SRR13762905_1.fastq.gz,/mnt/ada/projects/spruce/nstreet/spruce_chromatin_dynamics/DAPseq_zhang/fastq/SRR13762905_2.fastq.gz
SRR13762906,tf,/mnt/ada/projects/spruce/nstreet/spruce_chromatin_dynamics/DAPseq_zhang/fastq/SRR13762906_1.fastq.gz,/mnt/ada/projects/spruce/nstreet/spruce_chromatin_dynamics/DAPseq_zhang/fastq/SRR13762906_2.fastq.gz
SRR13762907,tf,/mnt/ada/projects/spruce/nstreet/spruce_chromatin_dynamics/DAPseq_zhang/fastq/SRR13762907_1.fastq.gz,/mnt/ada/projects/spruce/nstreet/spruce_chromatin_dynamics/DAPseq_zhang/fastq/SRR13762907_2.fastq.gz
SRR13762908,tf,/mnt/ada/projects/spruce/nstreet/spruce_chromatin_dynamics/DAPseq_zhang/fastq/SRR13762908_1.fastq.gz,/mnt/ada/projects/spruce/nstreet/spruce_chromatin_dynamics/DAPseq_zhang/fastq/SRR13762908_2.fastq.gz
SRR13762909,tf,/mnt/ada/projects/spruce/nstreet/spruce_chromatin_dynamics/DAPseq_zhang/fastq/SRR13762909_1.fastq.gz,/mnt/ada/projects/spruce/nstreet/spruce_chromatin_dynamics/DAPseq_zhang/fastq/SRR13762909_2.fastq.gz
SRR13762910,tf,/mnt/ada/projects/spruce/nstreet/spruce_chromatin_dynamics/DAPseq_zhang/fastq/SRR13762910_1.fastq.gz,/mnt/ada/projects/spruce/nstreet/spruce_chromatin_dynamics/DAPseq_zhang/fastq/SRR13762910_2.fastq.gz
SRR13762911,tf,/mnt/ada/projects/spruce/nstreet/spruce_chromatin_dynamics/DAPseq_zhang/fastq/SRR13762911_1.fastq.gz,/mnt/ada/projects/spruce/nstreet/spruce_chromatin_dynamics/DAPseq_zhang/fastq/SRR13762911_2.fastq.gz
SRR13762912,tf,/mnt/ada/projects/spruce/nstreet/spruce_chromatin_dynamics/DAPseq_zhang/fastq/SRR13762912_1.fastq.gz,/mnt/ada/projects/spruce/nstreet/spruce_chromatin_dynamics/DAPseq_zhang/fastq/SRR13762912_2.fastq.gz
SRR13762914,tf,/mnt/ada/projects/spruce/nstreet/spruce_chromatin_dynamics/DAPseq_zhang/fastq/SRR13762914_1.fastq.gz,/mnt/ada/projects/spruce/nstreet/spruce_chromatin_dynamics/DAPseq_zhang/fastq/SRR13762914_2.fastq.gz
SRR13762915,tf,/mnt/ada/projects/spruce/nstreet/spruce_chromatin_dynamics/DAPseq_zhang/fastq/SRR13762915_1.fastq.gz,/mnt/ada/projects/spruce/nstreet/spruce_chromatin_dynamics/DAPseq_zhang/fastq/SRR13762915_2.fastq.gz
SRR13762916,tf,/mnt/ada/projects/spruce/nstreet/spruce_chromatin_dynamics/DAPseq_zhang/fastq/SRR13762916_1.fastq.gz,/mnt/ada/projects/spruce/nstreet/spruce_chromatin_dynamics/DAPseq_zhang/fastq/SRR13762916_2.fastq.gz
SRR13762917,tf,/mnt/ada/projects/spruce/nstreet/spruce_chromatin_dynamics/DAPseq_zhang/fastq/SRR13762917_1.fastq.gz,/mnt/ada/projects/spruce/nstreet/spruce_chromatin_dynamics/DAPseq_zhang/fastq/SRR13762917_2.fastq.gz
SRR13762918,tf,/mnt/ada/projects/spruce/nstreet/spruce_chromatin_dynamics/DAPseq_zhang/fastq/SRR13762918_1.fastq.gz,/mnt/ada/projects/spruce/nstreet/spruce_chromatin_dynamics/DAPseq_zhang/fastq/SRR13762918_2.fastq.gz
SRR13762919,tf,/mnt/ada/projects/spruce/nstreet/spruce_chromatin_dynamics/DAPseq_zhang/fastq/SRR13762919_1.fastq.gz,/mnt/ada/projects/spruce/nstreet/spruce_chromatin_dynamics/DAPseq_zhang/fastq/SRR13762919_2.fastq.gz
SRR13762920,tf,/mnt/ada/projects/spruce/nstreet/spruce_chromatin_dynamics/DAPseq_zhang/fastq/SRR13762920_1.fastq.gz,/mnt/ada/projects/spruce/nstreet/spruce_chromatin_dynamics/DAPseq_zhang/fastq/SRR13762920_2.fastq.gz
SRR13762921,tf,/mnt/ada/projects/spruce/nstreet/spruce_chromatin_dynamics/DAPseq_zhang/fastq/SRR13762921_1.fastq.gz,/mnt/ada/projects/spruce/nstreet/spruce_chromatin_dynamics/DAPseq_zhang/fastq/SRR13762921_2.fastq.gz
SRR13762922,tf,/mnt/ada/projects/spruce/nstreet/spruce_chromatin_dynamics/DAPseq_zhang/fastq/SRR13762922_1.fastq.gz,/mnt/ada/projects/spruce/nstreet/spruce_chromatin_dynamics/DAPseq_zhang/fastq/SRR13762922_2.fastq.gz
SRR13762923,tf,/mnt/ada/projects/spruce/nstreet/spruce_chromatin_dynamics/DAPseq_zhang/fastq/SRR13762923_1.fastq.gz,/mnt/ada/projects/spruce/nstreet/spruce_chromatin_dynamics/DAPseq_zhang/fastq/SRR13762923_2.fastq.gz
SRR13762924,tf,/mnt/ada/projects/spruce/nstreet/spruce_chromatin_dynamics/DAPseq_zhang/fastq/SRR13762924_1.fastq.gz,/mnt/ada/projects/spruce/nstreet/spruce_chromatin_dynamics/DAPseq_zhang/fastq/SRR13762924_2.fastq.gz
SRR13762925,tf,/mnt/ada/projects/spruce/nstreet/spruce_chromatin_dynamics/DAPseq_zhang/fastq/SRR13762925_1.fastq.gz,/mnt/ada/projects/spruce/nstreet/spruce_chromatin_dynamics/DAPseq_zhang/fastq/SRR13762925_2.fastq.gz
SRR13762926,tf,/mnt/ada/projects/spruce/nstreet/spruce_chromatin_dynamics/DAPseq_zhang/fastq/SRR13762926_1.fastq.gz,/mnt/ada/projects/spruce/nstreet/spruce_chromatin_dynamics/DAPseq_zhang/fastq/SRR13762926_2.fastq.gz
SRR13762927,tf,/mnt/ada/projects/spruce/nstreet/spruce_chromatin_dynamics/DAPseq_zhang/fastq/SRR13762927_1.fastq.gz,/mnt/ada/projects/spruce/nstreet/spruce_chromatin_dynamics/DAPseq_zhang/fastq/SRR13762927_2.fastq.gz
SRR13762929,input,/mnt/ada/projects/spruce/nstreet/spruce_chromatin_dynamics/DAPseq_zhang/fastq/SRR13762929_1.fastq.gz,/mnt/ada/projects/spruce/nstreet/spruce_chromatin_dynamics/DAPseq_zhang/fastq/SRR13762929_2.fastq.gz
SRR13762930,input,/mnt/ada/projects/spruce/nstreet/spruce_chromatin_dynamics/DAPseq_zhang/fastq/SRR13762930_1.fastq.gz,/mnt/ada/projects/spruce/nstreet/spruce_chromatin_dynamics/DAPseq_zhang/fastq/SRR13762930_2.fastq.gz
SRR13762931,tf,/mnt/ada/projects/spruce/nstreet/spruce_chromatin_dynamics/DAPseq_zhang/fastq/SRR13762931_1.fastq.gz,/mnt/ada/projects/spruce/nstreet/spruce_chromatin_dynamics/DAPseq_zhang/fastq/SRR13762931_2.fastq.gz
SRR13762932,tf,/mnt/ada/projects/spruce/nstreet/spruce_chromatin_dynamics/DAPseq_zhang/fastq/SRR13762932_1.fastq.gz,/mnt/ada/projects/spruce/nstreet/spruce_chromatin_dynamics/DAPseq_zhang/fastq/SRR13762932_2.fastq.gz
SRR13762934,tf,/mnt/ada/projects/spruce/nstreet/spruce_chromatin_dynamics/DAPseq_zhang/fastq/SRR13762934_1.fastq.gz,/mnt/ada/projects/spruce/nstreet/spruce_chromatin_dynamics/DAPseq_zhang/fastq/SRR13762934_2.fastq.gz
SRR13762935,tf,/mnt/ada/projects/spruce/nstreet/spruce_chromatin_dynamics/DAPseq_zhang/fastq/SRR13762935_1.fastq.gz,/mnt/ada/projects/spruce/nstreet/spruce_chromatin_dynamics/DAPseq_zhang/fastq/SRR13762935_2.fastq.gz
SRR13762936,tf,/mnt/ada/projects/spruce/nstreet/spruce_chromatin_dynamics/DAPseq_zhang/fastq/SRR13762936_1.fastq.gz,/mnt/ada/projects/spruce/nstreet/spruce_chromatin_dynamics/DAPseq_zhang/fastq/SRR13762936_2.fastq.gz
SRR13762937,tf,/mnt/ada/projects/spruce/nstreet/spruce_chromatin_dynamics/DAPseq_zhang/fastq/SRR13762937_1.fastq.gz,/mnt/ada/projects/spruce/nstreet/spruce_chromatin_dynamics/DAPseq_zhang/fastq/SRR13762937_2.fastq.gz
SRR13762939,tf,/mnt/ada/projects/spruce/nstreet/spruce_chromatin_dynamics/DAPseq_zhang/fastq/SRR13762939_1.fastq.gz,/mnt/ada/projects/spruce/nstreet/spruce_chromatin_dynamics/DAPseq_zhang/fastq/SRR13762939_2.fastq.gz
SRR13762940,tf,/mnt/ada/projects/spruce/nstreet/spruce_chromatin_dynamics/DAPseq_zhang/fastq/SRR13762940_1.fastq.gz,/mnt/ada/projects/spruce/nstreet/spruce_chromatin_dynamics/DAPseq_zhang/fastq/SRR13762940_2.fastq.gz
SRR13762941,tf,/mnt/ada/projects/spruce/nstreet/spruce_chromatin_dynamics/DAPseq_zhang/fastq/SRR13762941_1.fastq.gz,/mnt/ada/projects/spruce/nstreet/spruce_chromatin_dynamics/DAPseq_zhang/fastq/SRR13762941_2.fastq.gz
SRR13762942,tf,/mnt/ada/projects/spruce/nstreet/spruce_chromatin_dynamics/DAPseq_zhang/fastq/SRR13762942_1.fastq.gz,/mnt/ada/projects/spruce/nstreet/spruce_chromatin_dynamics/DAPseq_zhang/fastq/SRR13762942_2.fastq.gz
SRR13762944,tf,/mnt/ada/projects/spruce/nstreet/spruce_chromatin_dynamics/DAPseq_zhang/fastq/SRR13762944_1.fastq.gz,/mnt/ada/projects/spruce/nstreet/spruce_chromatin_dynamics/DAPseq_zhang/fastq/SRR13762944_2.fastq.gz
SRR13762945,tf,/mnt/ada/projects/spruce/nstreet/spruce_chromatin_dynamics/DAPseq_zhang/fastq/SRR13762945_1.fastq.gz,/mnt/ada/projects/spruce/nstreet/spruce_chromatin_dynamics/DAPseq_zhang/fastq/SRR13762945_2.fastq.gz
SRR13762946,tf,/mnt/ada/projects/spruce/nstreet/spruce_chromatin_dynamics/DAPseq_zhang/fastq/SRR13762946_1.fastq.gz,/mnt/ada/projects/spruce/nstreet/spruce_chromatin_dynamics/DAPseq_zhang/fastq/SRR13762946_2.fastq.gz
SRR13762947,tf,/mnt/ada/projects/spruce/nstreet/spruce_chromatin_dynamics/DAPseq_zhang/fastq/SRR13762947_1.fastq.gz,/mnt/ada/projects/spruce/nstreet/spruce_chromatin_dynamics/DAPseq_zhang/fastq/SRR13762947_2.fastq.gz
SRR13762949,tf,/mnt/ada/projects/spruce/nstreet/spruce_chromatin_dynamics/DAPseq_zhang/fastq/SRR13762949_1.fastq.gz,/mnt/ada/projects/spruce/nstreet/spruce_chromatin_dynamics/DAPseq_zhang/fastq/SRR13762949_2.fastq.gz
SRR13762950,tf,/mnt/ada/projects/spruce/nstreet/spruce_chromatin_dynamics/DAPseq_zhang/fastq/SRR13762950_1.fastq.gz,/mnt/ada/projects/spruce/nstreet/spruce_chromatin_dynamics/DAPseq_zhang/fastq/SRR13762950_2.fastq.gz
SRR13762951,tf,/mnt/ada/projects/spruce/nstreet/spruce_chromatin_dynamics/DAPseq_zhang/fastq/SRR13762951_1.fastq.gz,/mnt/ada/projects/spruce/nstreet/spruce_chromatin_dynamics/DAPseq_zhang/fastq/SRR13762951_2.fastq.gz
SRR13762952,tf,/mnt/ada/projects/spruce/nstreet/spruce_chromatin_dynamics/DAPseq_zhang/fastq/SRR13762952_1.fastq.gz,/mnt/ada/projects/spruce/nstreet/spruce_chromatin_dynamics/DAPseq_zhang/fastq/SRR13762952_2.fastq.gz
SRR13762954,tf,/mnt/ada/projects/spruce/nstreet/spruce_chromatin_dynamics/DAPseq_zhang/fastq/SRR13762954_1.fastq.gz,/mnt/ada/projects/spruce/nstreet/spruce_chromatin_dynamics/DAPseq_zhang/fastq/SRR13762954_2.fastq.gz
SRR13762955,tf,/mnt/ada/projects/spruce/nstreet/spruce_chromatin_dynamics/DAPseq_zhang/fastq/SRR13762955_1.fastq.gz,/mnt/ada/projects/spruce/nstreet/spruce_chromatin_dynamics/DAPseq_zhang/fastq/SRR13762955_2.fastq.gz
SRR13762956,tf,/mnt/ada/projects/spruce/nstreet/spruce_chromatin_dynamics/DAPseq_zhang/fastq/SRR13762956_1.fastq.gz,/mnt/ada/projects/spruce/nstreet/spruce_chromatin_dynamics/DAPseq_zhang/fastq/SRR13762956_2.fastq.gz
SRR13762957,tf,/mnt/ada/projects/spruce/nstreet/spruce_chromatin_dynamics/DAPseq_zhang/fastq/SRR13762957_1.fastq.gz,/mnt/ada/projects/spruce/nstreet/spruce_chromatin_dynamics/DAPseq_zhang/fastq/SRR13762957_2.fastq.gz
SRR13762958,tf,/mnt/ada/projects/spruce/nstreet/spruce_chromatin_dynamics/DAPseq_zhang/fastq/SRR13762958_1.fastq.gz,/mnt/ada/projects/spruce/nstreet/spruce_chromatin_dynamics/DAPseq_zhang/fastq/SRR13762958_2.fastq.gz
SRR13762959,tf,/mnt/ada/projects/spruce/nstreet/spruce_chromatin_dynamics/DAPseq_zhang/fastq/SRR13762959_1.fastq.gz,/mnt/ada/projects/spruce/nstreet/spruce_chromatin_dynamics/DAPseq_zhang/fastq/SRR13762959_2.fastq.gz
SRR13762960,tf,/mnt/ada/projects/spruce/nstreet/spruce_chromatin_dynamics/DAPseq_zhang/fastq/SRR13762960_1.fastq.gz,/mnt/ada/projects/spruce/nstreet/spruce_chromatin_dynamics/DAPseq_zhang/fastq/SRR13762960_2.fastq.gz
SRR13762961,tf,/mnt/ada/projects/spruce/nstreet/spruce_chromatin_dynamics/DAPseq_zhang/fastq/SRR13762961_1.fastq.gz,/mnt/ada/projects/spruce/nstreet/spruce_chromatin_dynamics/DAPseq_zhang/fastq/SRR13762961_2.fastq.gz
SRR13762962,tf,/mnt/ada/projects/spruce/nstreet/spruce_chromatin_dynamics/DAPseq_zhang/fastq/SRR13762962_1.fastq.gz,/mnt/ada/projects/spruce/nstreet/spruce_chromatin_dynamics/DAPseq_zhang/fastq/SRR13762962_2.fastq.gz
SRR13762964,tf,/mnt/ada/projects/spruce/nstreet/spruce_chromatin_dynamics/DAPseq_zhang/fastq/SRR13762964_1.fastq.gz,/mnt/ada/projects/spruce/nstreet/spruce_chromatin_dynamics/DAPseq_zhang/fastq/SRR13762964_2.fastq.gz
SRR13762965,tf,/mnt/ada/projects/spruce/nstreet/spruce_chromatin_dynamics/DAPseq_zhang/fastq/SRR13762965_1.fastq.gz,/mnt/ada/projects/spruce/nstreet/spruce_chromatin_dynamics/DAPseq_zhang/fastq/SRR13762965_2.fastq.gz
SRR13762966,tf,/mnt/ada/projects/spruce/nstreet/spruce_chromatin_dynamics/DAPseq_zhang/fastq/SRR13762966_1.fastq.gz,/mnt/ada/projects/spruce/nstreet/spruce_chromatin_dynamics/DAPseq_zhang/fastq/SRR13762966_2.fastq.gz
SRR13762967,tf,/mnt/ada/projects/spruce/nstreet/spruce_chromatin_dynamics/DAPseq_zhang/fastq/SRR13762967_1.fastq.gz,/mnt/ada/projects/spruce/nstreet/spruce_chromatin_dynamics/DAPseq_zhang/fastq/SRR13762967_2.fastq.gz
SRR13762969,tf,/mnt/ada/projects/spruce/nstreet/spruce_chromatin_dynamics/DAPseq_zhang/fastq/SRR13762969_1.fastq.gz,/mnt/ada/projects/spruce/nstreet/spruce_chromatin_dynamics/DAPseq_zhang/fastq/SRR13762969_2.fastq.gz
SRR13762970,tf,/mnt/ada/projects/spruce/nstreet/spruce_chromatin_dynamics/DAPseq_zhang/fastq/SRR13762970_1.fastq.gz,/mnt/ada/projects/spruce/nstreet/spruce_chromatin_dynamics/DAPseq_zhang/fastq/SRR13762970_2.fastq.gz
SRR13762971,tf,/mnt/ada/projects/spruce/nstreet/spruce_chromatin_dynamics/DAPseq_zhang/fastq/SRR13762971_1.fastq.gz,/mnt/ada/projects/spruce/nstreet/spruce_chromatin_dynamics/DAPseq_zhang/fastq/SRR13762971_2.fastq.gz
SRR13762972,tf,/mnt/ada/projects/spruce/nstreet/spruce_chromatin_dynamics/DAPseq_zhang/fastq/SRR13762972_1.fastq.gz,/mnt/ada/projects/spruce/nstreet/spruce_chromatin_dynamics/DAPseq_zhang/fastq/SRR13762972_2.fastq.gz
SRR13762974,tf,/mnt/ada/projects/spruce/nstreet/spruce_chromatin_dynamics/DAPseq_zhang/fastq/SRR13762974_1.fastq.gz,/mnt/ada/projects/spruce/nstreet/spruce_chromatin_dynamics/DAPseq_zhang/fastq/SRR13762974_2.fastq.gz
SRR13762975,tf,/mnt/ada/projects/spruce/nstreet/spruce_chromatin_dynamics/DAPseq_zhang/fastq/SRR13762975_1.fastq.gz,/mnt/ada/projects/spruce/nstreet/spruce_chromatin_dynamics/DAPseq_zhang/fastq/SRR13762975_2.fastq.gz
SRR13762976,tf,/mnt/ada/projects/spruce/nstreet/spruce_chromatin_dynamics/DAPseq_zhang/fastq/SRR13762976_1.fastq.gz,/mnt/ada/projects/spruce/nstreet/spruce_chromatin_dynamics/DAPseq_zhang/fastq/SRR13762976_2.fastq.gz
SRR13762977,tf,/mnt/ada/projects/spruce/nstreet/spruce_chromatin_dynamics/DAPseq_zhang/fastq/SRR13762977_1.fastq.gz,/mnt/ada/projects/spruce/nstreet/spruce_chromatin_dynamics/DAPseq_zhang/fastq/SRR13762977_2.fastq.gz
SRR13762979,tf,/mnt/ada/projects/spruce/nstreet/spruce_chromatin_dynamics/DAPseq_zhang/fastq/SRR13762979_1.fastq.gz,/mnt/ada/projects/spruce/nstreet/spruce_chromatin_dynamics/DAPseq_zhang/fastq/SRR13762979_2.fastq.gz
SRR13762980,tf,/mnt/ada/projects/spruce/nstreet/spruce_chromatin_dynamics/DAPseq_zhang/fastq/SRR13762980_1.fastq.gz,/mnt/ada/projects/spruce/nstreet/spruce_chromatin_dynamics/DAPseq_zhang/fastq/SRR13762980_2.fastq.gz
SRR13762981,tf,/mnt/ada/projects/spruce/nstreet/spruce_chromatin_dynamics/DAPseq_zhang/fastq/SRR13762981_1.fastq.gz,/mnt/ada/projects/spruce/nstreet/spruce_chromatin_dynamics/DAPseq_zhang/fastq/SRR13762981_2.fastq.gz
SRR13762982,tf,/mnt/ada/projects/spruce/nstreet/spruce_chromatin_dynamics/DAPseq_zhang/fastq/SRR13762982_1.fastq.gz,/mnt/ada/projects/spruce/nstreet/spruce_chromatin_dynamics/DAPseq_zhang/fastq/SRR13762982_2.fastq.gz
SRR13762984,tf,/mnt/ada/projects/spruce/nstreet/spruce_chromatin_dynamics/DAPseq_zhang/fastq/SRR13762984_1.fastq.gz,/mnt/ada/projects/spruce/nstreet/spruce_chromatin_dynamics/DAPseq_zhang/fastq/SRR13762984_2.fastq.gz
SRR13762985,tf,/mnt/ada/projects/spruce/nstreet/spruce_chromatin_dynamics/DAPseq_zhang/fastq/SRR13762985_1.fastq.gz,/mnt/ada/projects/spruce/nstreet/spruce_chromatin_dynamics/DAPseq_zhang/fastq/SRR13762985_2.fastq.gz
SRR13762986,tf,/mnt/ada/projects/spruce/nstreet/spruce_chromatin_dynamics/DAPseq_zhang/fastq/SRR13762986_1.fastq.gz,/mnt/ada/projects/spruce/nstreet/spruce_chromatin_dynamics/DAPseq_zhang/fastq/SRR13762986_2.fastq.gz
SRR13762987,tf,/mnt/ada/projects/spruce/nstreet/spruce_chromatin_dynamics/DAPseq_zhang/fastq/SRR13762987_1.fastq.gz,/mnt/ada/projects/spruce/nstreet/spruce_chromatin_dynamics/DAPseq_zhang/fastq/SRR13762987_2.fastq.gz
SRR13762989,tf,/mnt/ada/projects/spruce/nstreet/spruce_chromatin_dynamics/DAPseq_zhang/fastq/SRR13762989_1.fastq.gz,/mnt/ada/projects/spruce/nstreet/spruce_chromatin_dynamics/DAPseq_zhang/fastq/SRR13762989_2.fastq.gz
SRR13762990,tf,/mnt/ada/projects/spruce/nstreet/spruce_chromatin_dynamics/DAPseq_zhang/fastq/SRR13762990_1.fastq.gz,/mnt/ada/projects/spruce/nstreet/spruce_chromatin_dynamics/DAPseq_zhang/fastq/SRR13762990_2.fastq.gz
SRR13762991,tf,/mnt/ada/projects/spruce/nstreet/spruce_chromatin_dynamics/DAPseq_zhang/fastq/SRR13762991_1.fastq.gz,/mnt/ada/projects/spruce/nstreet/spruce_chromatin_dynamics/DAPseq_zhang/fastq/SRR13762991_2.fastq.gz
SRR13762992,tf,/mnt/ada/projects/spruce/nstreet/spruce_chromatin_dynamics/DAPseq_zhang/fastq/SRR13762992_1.fastq.gz,/mnt/ada/projects/spruce/nstreet/spruce_chromatin_dynamics/DAPseq_zhang/fastq/SRR13762992_2.fastq.gz
SRR13762875,tf,/mnt/ada/projects/spruce/nstreet/spruce_chromatin_dynamics/DAPseq_zhang/fastq/SRR13762875_1.fastq.gz,/mnt/ada/projects/spruce/nstreet/spruce_chromatin_dynamics/DAPseq_zhang/fastq/SRR13762875_2.fastq.gz
SRR13762913,tf,/mnt/ada/projects/spruce/nstreet/spruce_chromatin_dynamics/DAPseq_zhang/fastq/SRR13762913_1.fastq.gz,/mnt/ada/projects/spruce/nstreet/spruce_chromatin_dynamics/DAPseq_zhang/fastq/SRR13762913_2.fastq.gz
SRR13762928,input,/mnt/ada/projects/spruce/nstreet/spruce_chromatin_dynamics/DAPseq_zhang/fastq/SRR13762928_1.fastq.gz,/mnt/ada/projects/spruce/nstreet/spruce_chromatin_dynamics/DAPseq_zhang/fastq/SRR13762928_2.fastq.gz
SRR13762933,tf,/mnt/ada/projects/spruce/nstreet/spruce_chromatin_dynamics/DAPseq_zhang/fastq/SRR13762933_1.fastq.gz,/mnt/ada/projects/spruce/nstreet/spruce_chromatin_dynamics/DAPseq_zhang/fastq/SRR13762933_2.fastq.gz
SRR13762938,tf,/mnt/ada/projects/spruce/nstreet/spruce_chromatin_dynamics/DAPseq_zhang/fastq/SRR13762938_1.fastq.gz,/mnt/ada/projects/spruce/nstreet/spruce_chromatin_dynamics/DAPseq_zhang/fastq/SRR13762938_2.fastq.gz
SRR13762943,tf,/mnt/ada/projects/spruce/nstreet/spruce_chromatin_dynamics/DAPseq_zhang/fastq/SRR13762943_1.fastq.gz,/mnt/ada/projects/spruce/nstreet/spruce_chromatin_dynamics/DAPseq_zhang/fastq/SRR13762943_2.fastq.gz
SRR13762948,tf,/mnt/ada/projects/spruce/nstreet/spruce_chromatin_dynamics/DAPseq_zhang/fastq/SRR13762948_1.fastq.gz,/mnt/ada/projects/spruce/nstreet/spruce_chromatin_dynamics/DAPseq_zhang/fastq/SRR13762948_2.fastq.gz
SRR13762953,tf,/mnt/ada/projects/spruce/nstreet/spruce_chromatin_dynamics/DAPseq_zhang/fastq/SRR13762953_1.fastq.gz,/mnt/ada/projects/spruce/nstreet/spruce_chromatin_dynamics/DAPseq_zhang/fastq/SRR13762953_2.fastq.gz
SRR13762963,tf,/mnt/ada/projects/spruce/nstreet/spruce_chromatin_dynamics/DAPseq_zhang/fastq/SRR13762963_1.fastq.gz,/mnt/ada/projects/spruce/nstreet/spruce_chromatin_dynamics/DAPseq_zhang/fastq/SRR13762963_2.fastq.gz
SRR13762968,tf,/mnt/ada/projects/spruce/nstreet/spruce_chromatin_dynamics/DAPseq_zhang/fastq/SRR13762968_1.fastq.gz,/mnt/ada/projects/spruce/nstreet/spruce_chromatin_dynamics/DAPseq_zhang/fastq/SRR13762968_2.fastq.gz
SRR13762973,tf,/mnt/ada/projects/spruce/nstreet/spruce_chromatin_dynamics/DAPseq_zhang/fastq/SRR13762973_1.fastq.gz,/mnt/ada/projects/spruce/nstreet/spruce_chromatin_dynamics/DAPseq_zhang/fastq/SRR13762973_2.fastq.gz
SRR13762978,tf,/mnt/ada/projects/spruce/nstreet/spruce_chromatin_dynamics/DAPseq_zhang/fastq/SRR13762978_1.fastq.gz,/mnt/ada/projects/spruce/nstreet/spruce_chromatin_dynamics/DAPseq_zhang/fastq/SRR13762978_2.fastq.gz
SRR13762983,tf,/mnt/ada/projects/spruce/nstreet/spruce_chromatin_dynamics/DAPseq_zhang/fastq/SRR13762983_1.fastq.gz,/mnt/ada/projects/spruce/nstreet/spruce_chromatin_dynamics/DAPseq_zhang/fastq/SRR13762983_2.fastq.gz
SRR13762988,tf,/mnt/ada/projects/spruce/nstreet/spruce_chromatin_dynamics/DAPseq_zhang/fastq/SRR13762988_1.fastq.gz,/mnt/ada/projects/spruce/nstreet/spruce_chromatin_dynamics/DAPseq_zhang/fastq/SRR13762988_2.fastq.gz
SRR13762993,tf,/mnt/ada/projects/spruce/nstreet/spruce_chromatin_dynamics/DAPseq_zhang/fastq/SRR13762993_1.fastq.gz,/mnt/ada/projects/spruce/nstreet/spruce_chromatin_dynamics/DAPseq_zhang/fastq/SRR13762993_2.fastq.gz
